PLAYER_ID, PLAYER_NAME, TEAM_ID, TEAM_ABBREVIATION, AGE, G, MIN, CONTESTED_SHOTS, CONTESTED_SHOTS_2PT, CONTESTED_SHOTS_3PT, CHARGES_DRAWN, DEFLECTIONS, LOOSE_BALLS_RECOVERED, BOX_OUTS
201166, Aaron Brooks, 1610612750, MIN, 33.0, 29, 6.0, 1.55, 0.59, 0.97, 0.03, 0.31, 0.17, 0.21
203932, Aaron Gordon, 1610612753, ORL, 22.0, 42, 34.0, 6.48, 4.93, 1.55, 0.1, 1.43, 1.0, 2.48
1627846, Abdel Nader, 1610612738, BOS, 24.0, 30, 9.0, 2.3, 1.27, 1.03, 0.0, 0.57, 0.27, 0.6
203940, Adreian Payne, 1610612753, ORL, 27.0, 5, 9.0, 1.4, 1.2, 0.2, 0.0, 1.0, 0.0, 2.2
201143, Al Horford, 1610612738, BOS, 31.0, 56, 32.0, 13.0, 9.7, 3.3, 0.0, 1.21, 0.73, 6.43
2744, Al Jefferson, 1610612754, IND, 33.0, 29, 13.0, 4.55, 3.9, 0.66, 0.07, 0.9, 0.24, 2.76
202329, Al-Farouq Aminu, 1610612757, POR, 27.0, 48, 30.0, 8.25, 5.33, 2.92, 0.0, 2.02, 1.1, 3.56
202692, Alec Burks, 1610612762, UTA, 26.0, 55, 18.0, 3.18, 1.76, 1.42, 0.02, 0.93, 0.55, 0.44
1628409, Alec Peters, 1610612756, PHX, 22.0, 9, 9.0, 1.89, 1.11, 0.78, 0.11, 0.33, 0.33, 1.44
203518, Alex Abrines, 1610612760, OKC, 24.0, 56, 16.0, 4.11, 2.13, 1.98, 0.04, 0.88, 0.5, 0.86
1627936, Alex Caruso, 1610612747, LAL, 24.0, 24, 13.0, 3.54, 2.04, 1.5, 0.04, 1.0, 0.42, 0.71
203458, Alex Len, 1610612756, PHX, 24.0, 52, 21.0, 9.65, 8.5, 1.15, 0.0, 0.83, 0.5, 6.69
1627816, Alex Poythress, 1610612754, IND, 24.0, 22, 4.0, 1.0, 0.68, 0.32, 0.0, 0.18, 0.09, 0.5
1628035, Alfonzo McKinnie, 1610612761, TOR, 25.0, 12, 4.0, 0.83, 0.58, 0.25, 0.0, 0.17, 0.0, 0.58
203459, Allen Crabbe, 1610612751, BKN, 25.0, 58, 29.0, 5.29, 3.26, 2.03, 0.02, 1.52, 0.74, 0.45
101161, Amir Johnson, 1610612755, PHI, 30.0, 55, 15.0, 5.56, 4.85, 0.71, 0.07, 0.95, 0.65, 5.11
203083, Andre Drummond, 1610612765, DET, 24.0, 58, 33.0, 10.64, 8.81, 1.83, 0.02, 3.62, 1.33, 8.02
2738, Andre Iguodala, 1610612744, GSW, 34.0, 52, 25.0, 4.94, 2.71, 2.23, 0.02, 1.33, 1.02, 2.35
203460, Andre Roberson, 1610612760, OKC, 26.0, 39, 27.0, 8.23, 4.97, 3.26, 0.03, 2.28, 1.26, 2.67
101106, Andrew Bogut, 1610612747, LAL, 33.0, 24, 9.0, 2.96, 2.46, 0.5, 0.08, 0.29, 0.17, 2.96
1626150, Andrew Harrison, 1610612763, MEM, 23.0, 51, 23.0, 4.82, 2.25, 2.57, 0.16, 1.65, 0.9, 0.57
1628510, Andrew White III, 1610612737, ATL, 24.0, 3, 12.0, 3.33, 0.33, 3.0, 0.0, 0.33, 0.33, 0.67
203952, Andrew Wiggins, 1610612750, MIN, 23.0, 64, 36.0, 9.03, 4.17, 4.86, 0.0, 1.61, 1.0, 1.61
1627790, Ante Zizic, 1610612739, CLE, 21.0, 16, 3.0, 1.06, 0.94, 0.13, 0.0, 0.0, 0.0, 1.06
203076, Anthony Davis, 1610612740, NOP, 24.0, 54, 37.0, 13.67, 9.11, 4.56, 0.2, 2.2, 1.54, 5.63
201229, Anthony Tolliver, 1610612765, DET, 32.0, 57, 21.0, 5.72, 3.58, 2.14, 0.21, 0.6, 0.74, 2.72
1628469, Antonio Blakeney, 1610612741, CHI, 21.0, 12, 14.0, 3.5, 1.75, 1.75, 0.0, 0.42, 0.25, 0.5
1628499, Antonius Cleveland, 1610612737, ATL, 24.0, 13, 6.0, 1.23, 0.69, 0.54, 0.08, 1.0, 0.23, 0.92
203382, Aron Baynes, 1610612738, BOS, 31.0, 60, 18.0, 8.45, 7.08, 1.37, 0.22, 0.27, 0.37, 5.95
201167, Arron Afflalo, 1610612753, ORL, 32.0, 45, 13.0, 2.71, 1.42, 1.29, 0.0, 0.09, 0.2, 0.91
203085, Austin Rivers, 1610612746, LAC, 25.0, 39, 33.0, 4.95, 3.05, 1.9, 0.05, 1.79, 1.26, 1.18
202340, Avery Bradley, 1610612746, LAC, 27.0, 46, 31.0, 4.96, 1.96, 3.0, 0.11, 1.96, 0.87, 0.85
1628389, Bam Adebayo, 1610612748, MIA, 20.0, 52, 20.0, 6.62, 4.58, 2.04, 0.0, 1.12, 0.6, 6.08
203463, Ben McLemore, 1610612763, MEM, 25.0, 37, 17.0, 3.0, 1.35, 1.65, 0.0, 1.14, 0.59, 1.0
1628500, Ben Moore, 1610612754, IND, 22.0, 2, 5.0, 0.5, 0.5, 0.0, 0.0, 0.0, 0.0, 0.0
1627732, Ben Simmons, 1610612755, PHI, 21.0, 58, 35.0, 8.21, 4.41, 3.79, 0.05, 3.07, 1.76, 1.38
202687, Bismack Biyombo, 1610612753, ORL, 25.0, 60, 19.0, 7.67, 6.45, 1.22, 0.0, 0.53, 0.48, 6.18
201933, Blake Griffin, 1610612765, DET, 28.0, 44, 34.0, 9.43, 5.8, 3.64, 0.18, 1.57, 0.98, 4.52
1626246, Boban Marjanovic, 1610612746, LAC, 29.0, 22, 9.0, 4.14, 3.64, 0.5, 0.0, 0.23, 0.23, 2.77
201628, Bobby Brown, 1610612745, HOU, 33.0, 20, 6.0, 0.75, 0.15, 0.6, 0.0, 0.15, 0.1, 0.15
1626171, Bobby Portis, 1610612741, CHI, 23.0, 52, 21.0, 5.15, 3.44, 1.71, 0.02, 0.9, 0.54, 5.71
203992, Bogdan Bogdanovic, 1610612758, SAC, 25.0, 58, 27.0, 5.91, 3.26, 2.66, 0.0, 2.31, 0.78, 1.74
202711, Bojan Bogdanovic, 1610612754, IND, 28.0, 59, 31.0, 7.32, 3.83, 3.49, 0.03, 1.12, 0.73, 1.19
203078, Bradley Beal, 1610612764, WAS, 24.0, 61, 36.0, 8.03, 3.72, 4.31, 0.07, 2.08, 1.18, 0.87
201148, Brandan Wright, 1610612745, HOU, 30.0, 28, 14.0, 5.54, 4.54, 1.0, 0.0, 0.86, 0.43, 3.86
1627742, Brandon Ingram, 1610612747, LAL, 20.0, 56, 34.0, 8.82, 4.52, 4.3, 0.02, 1.75, 0.95, 0.82
203464, Brandon Paul, 1610612759, SAS, 26.0, 53, 9.0, 1.85, 1.0, 0.85, 0.17, 0.75, 0.26, 0.74
1627362, Briante Weber, 1610612745, HOU, 25.0, 13, 9.0, 1.15, 0.54, 0.62, 0.0, 1.23, 0.62, 0.23
1627744, Brice Johnson, 1610612763, MEM, 23.0, 11, 4.0, 1.36, 0.91, 0.45, 0.0, 0.73, 0.09, 0.27
201572, Brook Lopez, 1610612747, LAL, 29.0, 52, 21.0, 12.17, 10.02, 2.15, 0.0, 1.04, 0.31, 4.88
203998, Bruno Caboclo, 1610612758, SAC, 22.0, 3, 8.0, 1.33, 1.0, 0.33, 0.0, 0.67, 0.33, 0.0
1627854, Bryn Forbes, 1610612759, SAS, 24.0, 61, 20.0, 3.72, 1.93, 1.79, 0.0, 0.52, 0.64, 0.69
1627741, Buddy Hield, 1610612758, SAC, 24.0, 59, 24.0, 6.53, 3.8, 2.73, 0.0, 1.68, 0.97, 0.86
203710, C.J. Williams, 1610612746, LAC, 28.0, 28, 19.0, 4.96, 2.71, 2.25, 0.0, 1.5, 0.64, 1.39
203468, CJ McCollum, 1610612757, POR, 26.0, 60, 36.0, 7.23, 4.2, 3.03, 0.02, 1.55, 1.3, 1.07
101139, CJ Miles, 1610612761, TOR, 30.0, 49, 18.0, 3.45, 1.61, 1.84, 0.06, 1.16, 0.49, 1.08
1628403, Caleb Swanigan, 1610612757, POR, 20.0, 18, 8.0, 2.39, 1.44, 0.94, 0.0, 0.22, 0.33, 1.83
1626166, Cameron Payne, 1610612741, CHI, 23.0, 4, 19.0, 3.75, 1.75, 2.0, 0.0, 1.25, 0.75, 2.0
1627747, Caris LeVert, 1610612751, BKN, 23.0, 52, 26.0, 6.25, 3.35, 2.9, 0.12, 2.1, 0.9, 0.85
2546, Carmelo Anthony, 1610612760, OKC, 33.0, 59, 32.0, 6.92, 3.51, 3.41, 0.0, 1.37, 0.8, 4.32
1626224, Cedi Osman, 1610612739, CLE, 22.0, 49, 10.0, 2.31, 1.29, 1.02, 0.02, 0.78, 0.37, 0.51
202718, Chandler Parsons, 1610612763, MEM, 29.0, 27, 21.0, 3.74, 1.93, 1.81, 0.11, 0.89, 0.44, 1.67
101112, Channing Frye, 1610612747, LAL, 34.0, 45, 12.0, 5.62, 4.47, 1.16, 0.04, 0.51, 0.22, 2.87
1628429, Charles Cooke, 1610612740, NOP, 23.0, 9, 3.0, 0.44, 0.44, 0.0, 0.0, 0.22, 0.11, 0.11
1627767, Cheick Diallo, 1610612740, NOP, 21.0, 32, 9.0, 3.41, 2.53, 0.88, 0.0, 0.13, 0.13, 2.13
1626191, Chris McCullough, 1610612764, WAS, 23.0, 19, 5.0, 1.58, 1.11, 0.47, 0.0, 0.05, 0.21, 0.32
101108, Chris Paul, 1610612745, HOU, 32.0, 42, 32.0, 4.55, 2.5, 2.05, 0.02, 3.12, 1.64, 0.98
203991, Clint Capela, 1610612745, HOU, 23.0, 54, 27.0, 12.39, 9.87, 2.52, 0.13, 0.94, 1.2, 4.78
203469, Cody Zeller, 1610612766, CHA, 25.0, 30, 19.0, 5.17, 4.37, 0.8, 0.07, 0.67, 0.57, 6.07
202332, Cole Aldrich, 1610612750, MIN, 29.0, 15, 2.0, 0.6, 0.33, 0.27, 0.0, 0.4, 0.0, 0.33
201147, Corey Brewer, 1610612747, LAL, 31.0, 54, 13.0, 3.48, 1.91, 1.57, 0.17, 1.2, 0.63, 0.69
202709, Cory Joseph, 1610612754, IND, 26.0, 60, 26.0, 6.12, 2.83, 3.28, 0.05, 1.53, 0.9, 1.03
201584, Courtney Lee, 1610612752, NYK, 32.0, 62, 32.0, 5.35, 2.45, 2.9, 0.03, 2.0, 0.82, 0.69
1626245, Cristiano Felicio, 1610612741, CHI, 25.0, 35, 14.0, 4.51, 3.34, 1.17, 0.0, 0.49, 0.14, 3.2
1626156, D'Angelo Russell, 1610612751, BKN, 22.0, 28, 25.0, 3.79, 2.07, 1.71, 0.0, 1.68, 0.79, 0.54
201571, D.J. Augustin, 1610612753, ORL, 30.0, 53, 21.0, 2.57, 1.4, 1.17, 0.09, 0.89, 0.72, 1.08
1628391, D.J. Wilson, 1610612749, MIL, 22.0, 19, 3.0, 0.95, 0.68, 0.26, 0.0, 0.05, 0.0, 0.68
1626177, Dakari Johnson, 1610612760, OKC, 22.0, 26, 6.0, 2.27, 1.58, 0.69, 0.0, 0.46, 0.12, 2.19
1627745, Damian Jones, 1610612744, GSW, 22.0, 3, 3.0, 2.0, 1.67, 0.33, 0.0, 0.0, 0.0, 0.33
203081, Damian Lillard, 1610612757, POR, 27.0, 54, 37.0, 4.93, 2.93, 2.0, 0.09, 1.69, 1.61, 0.5
2863, Damien Wilkins, 1610612754, IND, 38.0, 19, 8.0, 1.42, 0.74, 0.68, 0.0, 0.11, 0.05, 0.58
1628422, Damyean Dotson, 1610612752, NYK, 23.0, 29, 9.0, 1.34, 0.59, 0.76, 0.0, 0.28, 0.24, 0.28
1627772, Daniel Hamilton, 1610612760, OKC, 22.0, 4, 6.0, 1.25, 0.5, 0.75, 0.0, 0.25, 0.25, 0.0
1628464, Daniel Theis, 1610612738, BOS, 25.0, 59, 15.0, 6.25, 4.97, 1.29, 0.0, 0.85, 0.49, 4.75
201568, Danilo Gallinari, 1610612746, LAC, 29.0, 19, 32.0, 8.74, 5.16, 3.58, 0.11, 1.89, 0.89, 2.89
201980, Danny Green, 1610612759, SAS, 30.0, 49, 26.0, 8.1, 5.37, 2.73, 0.04, 2.29, 0.76, 1.29
201967, Dante Cunningham, 1610612751, BKN, 30.0, 57, 22.0, 5.86, 4.05, 1.81, 0.02, 1.09, 0.58, 3.49
1627863, Danuel House, 1610612756, PHX, 24.0, 16, 12.0, 4.06, 2.56, 1.5, 0.0, 0.38, 0.31, 0.75
203967, Dario Saric, 1610612755, PHI, 23.0, 58, 31.0, 9.78, 6.03, 3.74, 0.02, 1.41, 0.76, 4.53
203121, Darius Miller, 1610612740, NOP, 27.0, 60, 23.0, 5.23, 2.82, 2.42, 0.0, 0.73, 0.77, 2.5
201589, Darrell Arthur, 1610612743, DEN, 29.0, 15, 9.0, 2.6, 2.0, 0.6, 0.0, 1.07, 0.27, 2.4
201954, Darren Collison, 1610612754, IND, 30.0, 52, 30.0, 4.9, 2.0, 2.9, 0.0, 2.46, 1.27, 0.29
1626199, Darrun Hilliard, 1610612759, SAS, 24.0, 14, 7.0, 1.93, 1.0, 0.93, 0.0, 0.29, 0.07, 0.21
1628021, David Nwaba, 1610612741, CHI, 25.0, 49, 22.0, 5.94, 3.35, 2.59, 0.0, 1.29, 0.84, 1.67
2561, David West, 1610612744, GSW, 37.0, 57, 14.0, 6.58, 5.04, 1.54, 0.02, 1.23, 0.35, 3.02
202722, Davis Bertans, 1610612759, SAS, 25.0, 57, 15.0, 5.68, 3.93, 1.75, 0.02, 0.56, 0.26, 2.18
1628432, Davon Reed, 1610612756, PHX, 22.0, 7, 8.0, 1.43, 1.0, 0.43, 0.0, 0.71, 0.14, 0.43
1628368, De'Aaron Fox, 1610612758, SAC, 20.0, 53, 27.0, 6.21, 2.49, 3.72, 0.04, 1.68, 1.17, 0.4
201599, DeAndre Jordan, 1610612746, LAC, 29.0, 54, 32.0, 7.91, 6.07, 1.83, 0.04, 1.06, 0.83, 8.98
202732, DeAndre Liggins, 1610612740, NOP, 29.0, 42, 14.0, 2.52, 1.5, 1.02, 0.19, 1.43, 0.74, 0.43
1627761, DeAndre' Bembry, 1610612737, ATL, 23.0, 21, 17.0, 3.86, 2.33, 1.52, 0.05, 1.1, 0.43, 1.52
201942, DeMar DeRozan, 1610612761, TOR, 28.0, 59, 34.0, 3.86, 2.24, 1.63, 0.03, 1.93, 1.02, 1.17
202326, DeMarcus Cousins, 1610612740, NOP, 27.0, 48, 36.0, 13.27, 10.56, 2.71, 0.5, 2.67, 1.56, 7.29
201960, DeMarre Carroll, 1610612751, BKN, 31.0, 57, 30.0, 7.09, 4.81, 2.28, 0.07, 1.58, 1.19, 1.89
1627749, Dejounte Murray, 1610612759, SAS, 21.0, 60, 20.0, 5.5, 3.18, 2.32, 0.0, 1.87, 0.95, 0.68
1626153, Delon Wright, 1610612761, TOR, 25.0, 47, 21.0, 4.26, 2.57, 1.68, 0.11, 2.02, 0.89, 1.02
1627743, Demetrius Jackson, 1610612755, PHI, 23.0, 12, 5.0, 1.17, 0.5, 0.67, 0.0, 0.33, 0.08, 0.25
203471, Dennis Schroder, 1610612737, ATL, 24.0, 57, 31.0, 6.21, 2.7, 3.51, 0.28, 1.61, 1.33, 0.72
1628372, Dennis Smith Jr., 1610612742, DAL, 20.0, 53, 29.0, 7.17, 3.36, 3.81, 0.04, 2.02, 1.26, 0.91
1627756, Denzel Valentine, 1610612741, CHI, 24.0, 61, 28.0, 6.18, 2.95, 3.23, 0.02, 1.52, 1.03, 1.49
202324, Derrick Favors, 1610612762, UTA, 26.0, 58, 28.0, 10.19, 7.43, 2.76, 0.0, 1.33, 0.71, 6.86
1627884, Derrick Jones Jr., 1610612748, MIA, 21.0, 16, 14.0, 4.63, 3.25, 1.38, 0.06, 0.44, 0.5, 0.69
201565, Derrick Rose, 1610612739, CLE, 29.0, 16, 19.0, 3.81, 2.0, 1.81, 0.0, 0.56, 0.69, 0.06
1628476, Derrick Walton Jr., 1610612748, MIA, 22.0, 14, 10.0, 1.64, 1.07, 0.57, 0.0, 0.29, 0.29, 0.21
1628401, Derrick White, 1610612759, SAS, 23.0, 16, 7.0, 2.25, 0.81, 1.44, 0.06, 0.5, 0.25, 0.13
1626164, Devin Booker, 1610612756, PHX, 21.0, 47, 34.0, 6.04, 2.94, 3.11, 0.06, 1.15, 1.19, 1.0
2734, Devin Harris, 1610612743, DEN, 35.0, 50, 18.0, 3.02, 1.44, 1.58, 0.16, 1.28, 0.7, 1.1
203473, Dewayne Dedmon, 1610612737, ATL, 28.0, 42, 23.0, 7.74, 5.45, 2.29, 0.05, 1.1, 0.86, 4.21
1627738, Deyonta Davis, 1610612763, MEM, 21.0, 42, 13.0, 5.12, 4.19, 0.93, 0.0, 0.71, 0.29, 3.17
1628415, Dillon Brooks, 1610612763, MEM, 22.0, 59, 28.0, 7.58, 3.8, 3.78, 0.08, 1.59, 0.56, 1.58
203079, Dion Waiters, 1610612748, MIA, 26.0, 30, 31.0, 7.2, 4.2, 3.0, 0.0, 1.4, 0.77, 1.03
1717, Dirk Nowitzki, 1610612742, DAL, 39.0, 60, 25.0, 7.12, 5.58, 1.53, 0.0, 1.03, 0.37, 4.55
1627734, Domantas Sabonis, 1610612754, IND, 21.0, 58, 25.0, 8.53, 6.52, 2.02, 0.02, 1.03, 0.62, 6.24
1628378, Donovan Mitchell, 1610612762, UTA, 21.0, 58, 32.0, 6.9, 3.91, 2.98, 0.02, 2.21, 0.91, 1.48
1627827, Dorian Finney-Smith, 1610612742, DAL, 24.0, 8, 12.0, 2.75, 0.88, 1.88, 0.0, 0.13, 0.25, 1.0
203926, Doug McDermott, 1610612742, DAL, 26.0, 61, 21.0, 3.93, 1.87, 2.07, 0.0, 0.44, 0.54, 1.28
1627733, Dragan Bender, 1610612756, PHX, 20.0, 62, 23.0, 10.03, 6.63, 3.4, 0.0, 0.47, 0.32, 3.03
203110, Draymond Green, 1610612744, GSW, 27.0, 53, 33.0, 11.92, 8.02, 3.91, 0.06, 2.77, 0.87, 6.04
1628407, Dwayne Bacon, 1610612766, CHA, 22.0, 39, 12.0, 3.0, 1.44, 1.56, 0.0, 0.26, 0.23, 0.51
202779, Dwight Buycks, 1610612765, DET, 28.0, 19, 14.0, 2.89, 1.26, 1.63, 0.11, 1.16, 0.37, 0.21
2730, Dwight Howard, 1610612766, CHA, 32.0, 61, 31.0, 8.59, 7.05, 1.54, 0.0, 1.44, 0.51, 7.36
203939, Dwight Powell, 1610612742, DAL, 26.0, 60, 20.0, 7.83, 4.98, 2.85, 0.08, 1.52, 0.68, 3.8
2548, Dwyane Wade, 1610612748, MIA, 36.0, 52, 23.0, 4.87, 2.65, 2.21, 0.02, 1.83, 0.94, 1.21
202734, E'Twaun Moore, 1610612740, NOP, 29.0, 60, 32.0, 6.58, 3.95, 2.63, 0.0, 1.78, 1.32, 1.4
202334, Ed Davis, 1610612757, POR, 28.0, 61, 19.0, 6.77, 5.92, 0.85, 0.02, 0.87, 0.54, 8.08
202327, Ekpe Udoh, 1610612762, UTA, 30.0, 50, 15.0, 7.12, 5.76, 1.36, 0.0, 1.22, 0.5, 3.48
203901, Elfrid Payton, 1610612756, PHX, 24.0, 50, 29.0, 6.28, 3.4, 2.88, 0.0, 2.26, 1.58, 0.9
2731, Emeka Okafor, 1610612740, NOP, 35.0, 7, 16.0, 7.14, 6.0, 1.14, 0.0, 1.0, 0.14, 4.71
1626144, Emmanuel Mudiay, 1610612752, NYK, 21.0, 48, 19.0, 3.4, 1.42, 1.98, 0.02, 1.04, 0.6, 0.35
202683, Enes Kanter, 1610612752, NYK, 25.0, 58, 26.0, 8.12, 6.52, 1.6, 0.0, 0.88, 0.71, 9.43
202339, Eric Bledsoe, 1610612749, MIL, 28.0, 52, 31.0, 7.15, 4.13, 3.02, 0.06, 3.42, 1.46, 0.69
201569, Eric Gordon, 1610612745, HOU, 29.0, 51, 32.0, 4.92, 2.43, 2.49, 0.04, 1.53, 0.84, 0.9
203961, Eric Moreland, 1610612765, DET, 26.0, 48, 11.0, 4.56, 3.9, 0.67, 0.25, 0.75, 0.27, 2.44
1628571, Erik McCree, 1610612762, UTA, 24.0, 2, 1.0, None, None, None, None, None, None, None
101141, Ersan Ilyasova, 1610612737, ATL, 30.0, 46, 26.0, 6.76, 4.48, 2.28, 0.43, 1.76, 0.8, 3.67
203095, Evan Fournier, 1610612753, ORL, 25.0, 52, 32.0, 5.54, 3.15, 2.38, 0.02, 2.21, 0.77, 2.27
202323, Evan Turner, 1610612757, POR, 29.0, 58, 26.0, 5.26, 2.81, 2.45, 0.0, 0.97, 0.78, 1.5
1626163, Frank Kaminsky, 1610612766, CHA, 24.0, 58, 23.0, 7.14, 4.69, 2.45, 0.05, 0.55, 0.64, 3.81
1628412, Frank Mason, 1610612758, SAC, 23.0, 33, 18.0, 2.82, 1.09, 1.73, 0.0, 0.79, 0.61, 0.52
1628373, Frank Ntilikina, 1610612752, NYK, 19.0, 59, 20.0, 4.46, 2.81, 1.64, 0.0, 1.73, 0.71, 0.61
1627832, Fred VanVleet, 1610612761, TOR, 24.0, 56, 19.0, 3.61, 1.98, 1.63, 0.07, 1.8, 0.84, 1.34
1627788, Furkan Korkmaz, 1610612755, PHI, 20.0, 6, 5.0, 0.67, 0.67, 0.0, 0.0, 0.33, 0.0, 0.5
202066, Garrett Temple, 1610612758, SAC, 31.0, 55, 25.0, 5.85, 2.69, 3.16, 0.02, 1.78, 0.89, 0.44
203914, Gary Harris, 1610612743, DEN, 23.0, 57, 35.0, 5.32, 2.54, 2.77, 0.07, 3.05, 1.25, 0.75
1627780, Gary Payton II, 1610612747, LAL, 25.0, 16, 9.0, 2.5, 1.56, 0.94, 0.0, 0.5, 0.31, 0.19
201588, George Hill, 1610612739, CLE, 31.0, 49, 27.0, 5.27, 2.43, 2.84, 0.04, 1.69, 0.84, 1.41
1627777, Georges Niang, 1610612762, UTA, 24.0, 2, 1.0, 0.0, 0.0, 0.0, 0.0, 0.5, 0.0, 0.5
1627834, Georgios Papagiannis, 1610612758, SAC, 20.0, 16, 7.0, 4.06, 3.31, 0.75, 0.0, 0.19, 0.19, 1.31
101123, Gerald Green, 1610612745, HOU, 32.0, 23, 23.0, 5.3, 3.13, 2.17, 0.04, 1.04, 0.83, 0.91
1628492, Gian Clavell, 1610612742, DAL, 24.0, 7, 9.0, 2.14, 0.71, 1.43, 0.0, 0.71, 0.29, 0.57
203507, Giannis Antetokounmpo, 1610612749, MIL, 23.0, 55, 37.0, 10.05, 6.42, 3.64, 0.0, 2.56, 1.58, 4.85
203922, Glenn Robinson III, 1610612754, IND, 24.0, 2, 20.0, 8.0, 4.5, 3.5, 0.0, 1.5, 0.0, 1.0
201609, Goran Dragic, 1610612748, MIA, 31.0, 56, 32.0, 5.75, 4.07, 1.68, 0.04, 1.25, 1.38, 0.64
202330, Gordon Hayward, 1610612738, BOS, 27.0, 1, 5.0, 0.0, 0.0, 0.0, 0.0, 0.0, 1.0, 0.0
203476, Gorgui Dieng, 1610612750, MIN, 28.0, 61, 18.0, 6.84, 4.98, 1.85, 0.21, 1.34, 0.74, 2.64
202328, Greg Monroe, 1610612738, BOS, 27.0, 30, 20.0, 6.2, 5.67, 0.53, 0.07, 1.57, 0.87, 5.73
1627824, Guerschon Yabusele, 1610612738, BOS, 22.0, 22, 5.0, 1.09, 0.73, 0.36, 0.0, 0.09, 0.27, 1.41
203084, Harrison Barnes, 1610612742, DAL, 25.0, 59, 34.0, 8.73, 5.14, 3.59, 0.02, 1.05, 1.27, 3.86
202355, Hassan Whiteside, 1610612748, MIA, 28.0, 42, 26.0, 9.76, 8.88, 0.88, 0.0, 1.14, 1.02, 5.57
1627740, Henry Ellenson, 1610612765, DET, 21.0, 24, 7.0, 1.88, 1.29, 0.58, 0.0, 0.08, 0.08, 0.71
203546, Ian Clark, 1610612740, NOP, 26.0, 54, 18.0, 3.0, 1.57, 1.43, 0.02, 0.5, 0.48, 0.57
101133, Ian Mahinmi, 1610612764, WAS, 31.0, 59, 15.0, 5.68, 4.61, 1.07, 0.05, 1.19, 0.46, 4.88
1628387, Ike Anigbogu, 1610612754, IND, 19.0, 10, 3.0, 1.1, 1.0, 0.1, 0.0, 0.1, 0.3, 1.0
202697, Iman Shumpert, 1610612758, SAC, 27.0, 14, 20.0, 3.36, 1.5, 1.86, 0.0, 1.86, 0.86, 1.57
203477, Isaiah Canaan, 1610612756, PHX, 26.0, 20, 21.0, 3.35, 1.75, 1.6, 0.1, 1.4, 0.9, 0.05
1628439, Isaiah Hicks, 1610612752, NYK, 23.0, 3, 12.0, 4.0, 3.33, 0.67, 0.0, 0.67, 0.33, 1.0
1627819, Isaiah Taylor, 1610612737, ATL, 23.0, 46, 15.0, 3.33, 1.74, 1.59, 0.0, 0.74, 0.65, 0.35
202738, Isaiah Thomas, 1610612747, LAL, 29.0, 21, 26.0, 5.43, 2.48, 2.95, 0.1, 0.81, 1.19, 0.57
1627785, Isaiah Whitehead, 1610612751, BKN, 22.0, 16, 11.0, 2.88, 1.44, 1.44, 0.0, 0.56, 0.31, 0.5
202397, Ish Smith, 1610612765, DET, 29.0, 60, 25.0, 4.63, 2.68, 1.95, 0.13, 1.38, 1.08, 0.38
1628397, Ivan Rabb, 1610612763, MEM, 21.0, 19, 11.0, 4.11, 2.58, 1.53, 0.0, 0.32, 0.37, 2.79
1627826, Ivica Zubac, 1610612747, LAL, 20.0, 21, 7.0, 3.1, 2.33, 0.76, 0.0, 0.1, 0.19, 1.48
200826, J.J. Barea, 1610612742, DAL, 33.0, 56, 23.0, 3.27, 1.29, 1.98, 0.05, 0.7, 0.64, 0.71
200755, JJ Redick, 1610612755, PHI, 33.0, 48, 32.0, 5.0, 2.79, 2.21, 0.08, 1.0, 0.69, 1.1
2747, JR Smith, 1610612739, CLE, 32.0, 59, 29.0, 5.19, 2.19, 3.0, 0.03, 1.54, 0.93, 1.76
203960, JaKarr Sampson, 1610612758, SAC, 24.0, 13, 14.0, 4.69, 2.77, 1.92, 0.08, 0.69, 0.23, 2.38
203210, JaMychal Green, 1610612763, MEM, 27.0, 39, 27.0, 5.54, 2.95, 2.59, 0.08, 1.18, 0.77, 5.77
201580, JaVale McGee, 1610612744, GSW, 30.0, 45, 8.0, 4.36, 3.53, 0.82, 0.0, 0.56, 0.18, 1.78
1628444, Jabari Bird, 1610612738, BOS, 23.0, 4, 6.0, 0.75, 0.25, 0.5, 0.0, 1.0, 0.25, 0.25
203953, Jabari Parker, 1610612749, MIL, 22.0, 9, 20.0, 5.22, 3.0, 2.22, 0.0, 1.11, 0.56, 1.44
204022, Jack Cooley, 1610612758, SAC, 26.0, 1, 2.0, 0.0, 0.0, 0.0, 0.0, 0.0, 0.0, 2.0
1626643, Jacob Pullen, 1610612755, PHI, 28.0, 3, 2.0, 0.67, 0.0, 0.67, 0.0, 0.0, 0.0, 0.0
1628451, Jacob Wiley, 1610612751, BKN, 23.0, 5, 7.0, 2.2, 1.6, 0.6, 0.0, 0.2, 0.2, 2.0
203109, Jae Crowder, 1610612762, UTA, 27.0, 59, 26.0, 6.97, 3.8, 3.17, 0.03, 1.47, 0.51, 1.75
1626143, Jahlil Okafor, 1610612751, BKN, 22.0, 24, 13.0, 5.83, 5.04, 0.79, 0.0, 0.08, 0.54, 3.21
1627774, Jake Layman, 1610612757, POR, 23.0, 27, 5.0, 0.96, 0.63, 0.33, 0.0, 0.22, 0.15, 0.3
1627751, Jakob Poeltl, 1610612761, TOR, 22.0, 59, 18.0, 9.25, 7.88, 1.37, 0.05, 0.95, 0.63, 4.75
1627883, Jalen Jones, 1610612742, DAL, 24.0, 9, 6.0, 1.11, 0.33, 0.78, 0.0, 0.22, 0.22, 0.56
2037, Jamal Crawford, 1610612750, MIN, 37.0, 62, 19.0, 1.4, 0.6, 0.81, 0.0, 0.81, 0.55, 0.15
1627750, Jamal Murray, 1610612743, DEN, 21.0, 60, 31.0, 7.5, 4.23, 3.27, 0.07, 1.88, 1.22, 1.33
2749, Jameer Nelson, 1610612765, DET, 36.0, 48, 20.0, 3.13, 1.42, 1.71, 0.08, 0.83, 0.54, 0.54
1628503, Jamel Artis, 1610612753, ORL, 25.0, 5, 11.0, 2.6, 1.6, 1.0, 0.0, 0.6, 0.4, 0.4
203516, James Ennis III, 1610612765, DET, 27.0, 51, 23.0, 4.94, 2.65, 2.29, 0.02, 1.29, 0.8, 1.43
201935, James Harden, 1610612745, HOU, 28.0, 53, 36.0, 7.28, 3.94, 3.34, 0.04, 2.87, 1.38, 1.85
201949, James Johnson, 1610612748, MIA, 31.0, 53, 26.0, 7.21, 4.21, 3.0, 0.0, 1.83, 1.02, 3.43
203949, James Michael McAdoo, 1610612755, PHI, 25.0, 3, 6.0, 2.33, 2.33, 0.0, 0.0, 0.0, 0.0, 1.0
1627821, James Webb III, 1610612751, BKN, 24.0, 9, 12.0, 2.22, 1.56, 0.67, 0.0, 0.67, 0.33, 2.33
203923, James Young, 1610612755, PHI, 22.0, 5, 10.0, 2.4, 1.6, 0.8, 0.0, 0.0, 0.0, 0.6
203966, Jamil Wilson, 1610612746, LAC, 27.0, 15, 18.0, 5.4, 3.33, 2.07, 0.13, 0.73, 0.47, 2.4
201162, Jared Dudley, 1610612756, PHX, 32.0, 34, 14.0, 2.85, 1.71, 1.15, 0.09, 0.76, 0.32, 2.12
204067, Jarell Eddie, 1610612738, BOS, 26.0, 2, 3.0, 1.0, 0.5, 0.5, 0.0, 0.5, 0.0, 0.0
1626185, Jarell Martin, 1610612763, MEM, 23.0, 56, 21.0, 6.91, 4.8, 2.11, 0.07, 1.04, 0.45, 3.2
1628386, Jarrett Allen, 1610612751, BKN, 19.0, 53, 19.0, 10.38, 8.91, 1.47, 0.0, 0.81, 0.64, 4.79
101127, Jarrett Jack, 1610612752, NYK, 34.0, 57, 26.0, 4.35, 1.67, 2.68, 0.04, 1.09, 1.04, 0.65
201160, Jason Smith, 1610612764, WAS, 31.0, 23, 9.0, 3.22, 1.96, 1.26, 0.09, 0.26, 0.17, 2.39
1891, Jason Terry, 1610612749, MIL, 40.0, 29, 12.0, 2.07, 0.79, 1.28, 0.0, 0.9, 0.34, 0.52
1628393, Jawun Evans, 1610612746, LAC, 21.0, 38, 18.0, 3.08, 1.29, 1.79, 0.11, 1.87, 0.68, 0.79
1627759, Jaylen Brown, 1610612738, BOS, 21.0, 56, 31.0, 6.61, 3.36, 3.25, 0.07, 1.8, 0.98, 2.46
1628369, Jayson Tatum, 1610612738, BOS, 19.0, 61, 31.0, 6.74, 3.75, 2.98, 0.02, 1.62, 0.82, 2.2
201145, Jeff Green, 1610612739, CLE, 31.0, 59, 22.0, 6.88, 3.93, 2.95, 0.08, 1.03, 0.53, 2.95
201952, Jeff Teague, 1610612750, MIN, 29.0, 53, 33.0, 5.55, 2.53, 3.02, 0.11, 2.64, 1.3, 0.32
203481, Jeff Withey, 1610612742, DAL, 27.0, 10, 4.0, 1.8, 1.3, 0.5, 0.0, 0.0, 0.0, 0.3
203924, Jerami Grant, 1610612760, OKC, 23.0, 61, 21.0, 6.64, 4.51, 2.13, 0.2, 0.61, 0.66, 3.84
203087, Jeremy Lamb, 1610612766, CHA, 25.0, 60, 25.0, 5.35, 2.3, 3.05, 0.02, 1.63, 0.9, 0.47
202391, Jeremy Lin, 1610612751, BKN, 29.0, 1, 25.0, 4.0, 3.0, 1.0, 0.0, 3.0, 0.0, 1.0
1626170, Jerian Grant, 1610612741, CHI, 25.0, 58, 23.0, 5.17, 2.36, 2.81, 0.05, 1.33, 0.6, 0.91
201573, Jerryd Bayless, 1610612755, PHI, 29.0, 39, 24.0, 5.13, 2.92, 2.21, 0.05, 1.03, 0.74, 0.64
202710, Jimmy Butler, 1610612750, MIN, 28.0, 56, 37.0, 6.14, 3.02, 3.13, 0.11, 3.45, 1.88, 1.63
201149, Joakim Noah, 1610612752, NYK, 33.0, 7, 6.0, 2.43, 2.0, 0.43, 0.0, 0.57, 0.14, 1.14
201975, Jodie Meeks, 1610612764, WAS, 30.0, 58, 15.0, 2.45, 1.22, 1.22, 0.02, 0.55, 0.4, 0.48
203925, Joe Harris, 1610612751, BKN, 26.0, 60, 25.0, 6.72, 4.42, 2.3, 0.03, 0.82, 0.8, 1.57
204060, Joe Ingles, 1610612762, UTA, 30.0, 61, 31.0, 5.54, 2.56, 2.98, 0.0, 2.13, 0.87, 1.56
2207, Joe Johnson, 1610612745, HOU, 36.0, 36, 23.0, 5.08, 2.39, 2.69, 0.0, 0.67, 0.58, 1.94
1626202, Joe Young, 1610612754, IND, 25.0, 43, 11.0, 1.67, 0.81, 0.86, 0.05, 0.53, 0.42, 0.28
1627762, Joel Bolomboy, 1610612749, MIL, 24.0, 6, 6.0, 2.83, 2.0, 0.83, 0.0, 0.33, 0.17, 1.33
203954, Joel Embiid, 1610612755, PHI, 23.0, 48, 31.0, 11.79, 9.83, 1.96, 0.02, 1.13, 1.31, 7.08
203530, Joffrey Lauvergne, 1610612759, SAS, 26.0, 40, 10.0, 2.88, 2.45, 0.43, 0.0, 0.2, 0.33, 3.0
1628381, John Collins, 1610612737, ATL, 20.0, 55, 23.0, 9.29, 7.33, 1.96, 0.0, 0.95, 0.82, 7.35
203089, John Henson, 1610612749, MIL, 27.0, 54, 26.0, 9.46, 7.57, 1.89, 0.0, 1.28, 0.44, 6.33
204066, John Holland, 1610612739, CLE, 29.0, 9, 4.0, 1.11, 0.67, 0.44, 0.11, 0.56, 0.11, 0.56
202322, John Wall, 1610612764, WAS, 27.0, 37, 34.0, 7.3, 5.43, 1.86, 0.11, 2.7, 1.11, 0.54
1628405, Johnathan Motley, 1610612742, DAL, 22.0, 3, 3.0, 1.0, 0.67, 0.33, 0.0, 0.0, 0.0, 0.0
203948, Johnny O'Bryant III, 1610612766, CHA, 24.0, 36, 11.0, 2.81, 2.33, 0.47, 0.14, 0.36, 0.36, 2.69
202720, Jon Leuer, 1610612765, DET, 28.0, 8, 17.0, 3.88, 2.75, 1.13, 0.0, 0.13, 0.0, 4.88
201973, Jonas Jerebko, 1610612762, UTA, 30.0, 53, 16.0, 4.08, 2.87, 1.21, 0.08, 0.6, 0.28, 1.91
202685, Jonas Valanciunas, 1610612761, TOR, 25.0, 55, 22.0, 10.35, 9.44, 0.91, 0.05, 0.89, 0.64, 6.85
1628371, Jonathan Isaac, 1610612753, ORL, 20.0, 15, 19.0, 6.93, 5.13, 1.8, 0.13, 1.2, 0.2, 2.2
203613, Jonathon Simmons, 1610612753, ORL, 28.0, 59, 29.0, 4.86, 2.59, 2.27, 0.05, 1.73, 0.81, 1.25
1628395, Jordan Bell, 1610612744, GSW, 23.0, 39, 14.0, 7.31, 5.05, 2.26, 0.0, 1.23, 0.49, 1.59
203903, Jordan Clarkson, 1610612739, CLE, 25.0, 59, 23.0, 5.02, 2.98, 2.03, 0.0, 1.03, 0.63, 1.0
202348, Jordan Crawford, 1610612740, NOP, 29.0, 2, 19.0, 2.5, 1.5, 1.0, 0.0, 0.5, 0.5, 0.5
1626175, Jordan Mickey, 1610612748, MIA, 23.0, 18, 13.0, 4.78, 3.83, 0.94, 0.0, 0.72, 0.56, 2.89
101181, Jose Calderon, 1610612739, CLE, 36.0, 41, 15.0, 2.9, 1.34, 1.56, 0.12, 0.93, 0.71, 0.44
1627982, Josh Gray, 1610612756, PHX, 24.0, 5, 17.0, 3.6, 2.6, 1.0, 0.0, 2.0, 0.4, 0.4
1628404, Josh Hart, 1610612747, LAL, 22.0, 55, 21.0, 7.18, 4.58, 2.6, 0.0, 1.16, 0.47, 0.8
203962, Josh Huestis, 1610612760, OKC, 26.0, 56, 15.0, 4.71, 3.11, 1.61, 0.02, 0.43, 0.38, 1.71
1628367, Josh Jackson, 1610612756, PHX, 21.0, 60, 24.0, 5.3, 3.02, 2.28, 0.05, 1.18, 0.87, 1.7
203705, Josh Magette, 1610612737, ATL, 28.0, 10, 7.0, 1.6, 1.1, 0.5, 0.0, 0.5, 0.2, 0.2
201177, Josh McRoberts, 1610612742, DAL, 31.0, 2, 3.0, 1.5, 0.0, 1.5, 0.0, 0.0, 0.0, 0.5
1626196, Josh Richardson, 1610612748, MIA, 24.0, 61, 34.0, 8.69, 5.54, 3.15, 0.07, 2.46, 1.13, 1.38
2746, Josh Smith, 1610612740, NOP, 32.0, 3, 4.0, 1.33, 1.0, 0.33, 0.0, 0.0, 0.0, 0.67
201950, Jrue Holiday, 1610612740, NOP, 27.0, 60, 37.0, 8.83, 4.37, 4.47, 0.02, 3.02, 1.48, 1.8
1627823, Juancho Hernangomez, 1610612743, DEN, 22.0, 21, 11.0, 3.71, 2.14, 1.57, 0.05, 0.43, 0.29, 0.48
203944, Julius Randle, 1610612747, LAL, 23.0, 60, 25.0, 8.42, 5.98, 2.43, 0.03, 1.03, 0.98, 4.62
202933, Julyan Stone, 1610612766, CHA, 29.0, 11, 4.0, 0.64, 0.55, 0.09, 0.0, 0.36, 0.09, 0.0
1626147, Justin Anderson, 1610612755, PHI, 24.0, 26, 14.0, 3.58, 1.69, 1.88, 0.04, 0.62, 0.27, 0.58
203200, Justin Holiday, 1610612741, CHI, 28.0, 57, 34.0, 8.6, 4.89, 3.7, 0.02, 2.14, 0.86, 1.23
1628382, Justin Jackson, 1610612758, SAC, 22.0, 47, 20.0, 4.02, 2.11, 1.91, 0.0, 0.64, 0.51, 0.91
1626159, Justise Winslow, 1610612748, MIA, 21.0, 47, 23.0, 6.38, 3.96, 2.43, 0.02, 1.36, 1.15, 2.38
203994, Jusuf Nurkic, 1610612757, POR, 23.0, 58, 26.0, 11.43, 9.64, 1.79, 0.03, 1.52, 0.81, 7.4
1628443, Kadeem Allen, 1610612738, BOS, 25.0, 7, 4.0, 0.29, 0.29, 0.0, 0.0, 0.29, 0.14, 0.43
1626157, Karl-Anthony Towns, 1610612750, MIN, 22.0, 64, 35.0, 13.84, 11.08, 2.77, 0.22, 1.45, 1.28, 5.95
202695, Kawhi Leonard, 1610612759, SAS, 26.0, 9, 23.0, 5.67, 3.11, 2.56, 0.0, 2.67, 1.44, 0.67
1627770, Kay Felder, 1610612765, DET, 22.0, 15, 9.0, 1.53, 0.53, 1.0, 0.13, 0.53, 0.13, 0.2
203482, Kelly Olynyk, 1610612748, MIA, 26.0, 55, 23.0, 7.71, 5.55, 2.16, 0.22, 1.67, 0.78, 5.09
1626162, Kelly Oubre Jr., 1610612764, WAS, 22.0, 61, 28.0, 6.2, 3.38, 2.82, 0.15, 2.34, 0.8, 1.02
202689, Kemba Walker, 1610612766, CHA, 27.0, 59, 35.0, 8.03, 4.44, 3.59, 0.36, 2.0, 1.22, 0.63
202702, Kenneth Faried, 1610612743, DEN, 28.0, 32, 14.0, 4.56, 3.13, 1.44, 0.16, 0.69, 0.28, 4.03
203145, Kent Bazemore, 1610612737, ATL, 28.0, 60, 28.0, 5.75, 3.52, 2.23, 0.02, 2.85, 1.17, 0.8
203484, Kentavious Caldwell-Pope, 1610612747, LAL, 25.0, 52, 33.0, 4.1, 2.25, 1.85, 0.12, 2.63, 1.27, 1.67
201142, Kevin Durant, 1610612744, GSW, 29.0, 53, 34.0, 9.58, 6.36, 3.23, 0.08, 1.43, 0.91, 1.62
201567, Kevin Love, 1610612739, CLE, 29.0, 48, 28.0, 6.92, 5.1, 1.81, 0.19, 1.27, 1.1, 6.27
1626172, Kevon Looney, 1610612744, GSW, 22.0, 48, 11.0, 5.04, 3.6, 1.44, 0.02, 0.48, 0.44, 2.27
203920, Khem Birch, 1610612753, ORL, 25.0, 23, 12.0, 5.22, 4.17, 1.04, 0.0, 0.65, 0.48, 3.48
203114, Khris Middleton, 1610612749, MIL, 26.0, 59, 37.0, 7.08, 3.49, 3.59, 0.14, 2.63, 1.37, 2.46
202691, Klay Thompson, 1610612744, GSW, 28.0, 60, 34.0, 6.7, 4.27, 2.43, 0.0, 0.95, 1.0, 1.38
1628424, Kobi Simmons, 1610612763, MEM, 20.0, 13, 15.0, 2.54, 1.08, 1.46, 0.15, 0.62, 0.31, 0.08
201585, Kosta Koufos, 1610612758, SAC, 29.0, 56, 19.0, 6.7, 5.52, 1.18, 0.0, 1.16, 0.46, 4.0
1627739, Kris Dunn, 1610612741, CHI, 23.0, 45, 29.0, 7.51, 3.69, 3.82, 0.0, 3.09, 1.33, 0.73
204001, Kristaps Porzingis, 1610612752, NYK, 22.0, 48, 32.0, 13.52, 9.33, 4.19, 0.15, 1.44, 0.96, 3.9
203937, Kyle Anderson, 1610612759, SAS, 24.0, 53, 27.0, 5.81, 3.72, 2.09, 0.06, 2.42, 1.0, 1.6
1627858, Kyle Collinsworth, 1610612742, DAL, 26.0, 17, 12.0, 2.76, 1.59, 1.18, 0.0, 0.82, 0.71, 0.59
2594, Kyle Korver, 1610612739, CLE, 36.0, 60, 21.0, 5.15, 2.78, 2.37, 0.05, 0.68, 0.52, 1.33
1628398, Kyle Kuzma, 1610612747, LAL, 22.0, 59, 29.0, 8.92, 5.76, 3.15, 0.07, 0.93, 0.49, 3.92
200768, Kyle Lowry, 1610612761, TOR, 31.0, 56, 32.0, 5.09, 2.59, 2.5, 0.5, 2.23, 1.21, 1.34
203124, Kyle O'Quinn, 1610612752, NYK, 27.0, 60, 17.0, 7.05, 5.83, 1.22, 0.02, 0.97, 0.6, 4.95
202713, Kyle Singler, 1610612760, OKC, 29.0, 12, 5.0, 1.33, 0.67, 0.67, 0.0, 0.25, 0.08, 0.42
202681, Kyrie Irving, 1610612738, BOS, 25.0, 55, 33.0, 5.2, 3.05, 2.15, 0.11, 2.02, 1.15, 1.24
200746, LaMarcus Aldridge, 1610612759, SAS, 32.0, 56, 34.0, 12.48, 9.63, 2.86, 0.0, 1.55, 0.91, 7.79
202362, Lance Stephenson, 1610612754, IND, 27.0, 60, 23.0, 3.17, 1.48, 1.68, 0.0, 1.4, 0.78, 0.68
202498, Lance Thomas, 1610612752, NYK, 29.0, 59, 18.0, 3.63, 1.69, 1.93, 0.1, 0.73, 0.41, 1.86
204038, Langston Galloway, 1610612765, DET, 26.0, 48, 15.0, 2.92, 1.44, 1.48, 0.02, 0.96, 0.65, 0.58
203580, Larry Drew II, 1610612755, PHI, 27.0, 3, 5.0, 0.33, 0.0, 0.33, 0.0, 0.0, 0.33, 0.0
1626204, Larry Nance Jr., 1610612739, CLE, 25.0, 48, 22.0, 6.79, 4.77, 2.02, 0.04, 2.23, 0.88, 5.92
1628374, Lauri Markkanen, 1610612741, CHI, 20.0, 55, 30.0, 8.82, 6.38, 2.44, 0.02, 1.16, 0.65, 3.71
2544, LeBron James, 1610612739, CLE, 33.0, 60, 37.0, 6.95, 4.08, 2.87, 0.13, 2.45, 1.2, 2.5
1628506, London Perrantes, 1610612739, CLE, 23.0, 2, 2.0, None, None, None, None, None, None, None
1628366, Lonzo Ball, 1610612747, LAL, 20.0, 38, 33.0, 7.47, 4.55, 2.92, 0.0, 2.53, 1.37, 1.29
203485, Lorenzo Brown, 1610612761, TOR, 27.0, 12, 8.0, 1.58, 0.67, 0.92, 0.0, 0.58, 0.0, 0.25
101150, Lou Williams, 1610612746, LAC, 31.0, 58, 32.0, 4.95, 2.34, 2.6, 0.03, 2.02, 1.05, 0.76
201601, Luc Mbah a Moute, 1610612745, HOU, 31.0, 43, 27.0, 7.79, 4.81, 2.98, 0.05, 1.93, 0.88, 2.51
203512, Lucas Nogueira, 1610612761, TOR, 25.0, 35, 9.0, 5.0, 4.34, 0.66, 0.0, 0.94, 0.17, 1.2
1626242, Luis Montero, 1610612765, DET, 24.0, 2, 4.0, 1.0, 0.0, 1.0, 0.0, 0.0, 0.0, 0.0
202337, Luke Babbitt, 1610612748, MIA, 28.0, 40, 15.0, 6.18, 3.9, 2.28, 0.0, 0.3, 0.18, 2.25
1628379, Luke Kennard, 1610612765, DET, 21.0, 53, 18.0, 3.83, 1.83, 2.0, 0.02, 0.81, 0.51, 0.83
1628436, Luke Kornet, 1610612752, NYK, 22.0, 4, 12.0, 5.25, 4.5, 0.75, 0.0, 1.0, 0.25, 2.25
2736, Luol Deng, 1610612747, LAL, 32.0, 1, 13.0, 5.0, 1.0, 4.0, 0.0, 1.0, 0.0, 0.0
1627781, Malachi Richardson, 1610612761, TOR, 22.0, 26, 12.0, 2.19, 0.69, 1.5, 0.04, 0.65, 0.19, 0.5
1627763, Malcolm Brogdon, 1610612749, MIL, 25.0, 45, 30.0, 6.18, 3.71, 2.47, 0.02, 1.27, 1.07, 1.36
1627098, Malcolm Delaney, 1610612737, ATL, 28.0, 51, 19.0, 2.53, 1.04, 1.49, 0.24, 1.18, 0.43, 0.67
1626259, Malcolm Miller, 1610612761, TOR, 24.0, 4, 6.0, 1.0, 0.5, 0.5, 0.0, 0.0, 0.0, 0.75
1627736, Malik Beasley, 1610612743, DEN, 21.0, 52, 10.0, 1.92, 1.17, 0.75, 0.06, 0.42, 0.38, 0.4
1628370, Malik Monk, 1610612766, CHA, 20.0, 44, 11.0, 1.36, 0.68, 0.68, 0.0, 0.48, 0.18, 0.25
1628493, Mangok Mathiang, 1610612766, CHA, 25.0, 3, 3.0, 1.33, 1.33, 0.0, 0.0, 0.0, 0.33, 1.33
1938, Manu Ginobili, 1610612759, SAS, 40.0, 46, 21.0, 2.63, 1.26, 1.37, 0.3, 2.11, 0.5, 0.96
201188, Marc Gasol, 1610612763, MEM, 33.0, 57, 34.0, 10.21, 8.46, 1.75, 0.07, 1.79, 0.81, 5.88
101162, Marcin Gortat, 1610612764, WAS, 34.0, 61, 26.0, 8.74, 7.3, 1.44, 0.23, 0.79, 0.59, 8.46
201158, Marco Belinelli, 1610612755, PHI, 31.0, 57, 24.0, 4.21, 1.63, 2.58, 0.0, 1.32, 0.72, 0.81
1627875, Marcus Georges-Hunt, 1610612750, MIN, 23.0, 36, 6.0, 0.94, 0.31, 0.64, 0.06, 0.25, 0.19, 0.39
202694, Marcus Morris, 1610612738, BOS, 28.0, 38, 25.0, 5.5, 3.42, 2.08, 0.05, 0.84, 0.66, 2.95
1627779, Marcus Paige, 1610612766, CHA, 24.0, 1, 3.0, 1.0, 1.0, 0.0, 0.0, 0.0, 0.0, 0.0
203935, Marcus Smart, 1610612738, BOS, 23.0, 48, 30.0, 6.4, 3.23, 3.17, 0.23, 2.85, 0.65, 2.73
201596, Mario Chalmers, 1610612763, MEM, 31.0, 53, 22.0, 2.75, 1.38, 1.38, 0.21, 1.94, 0.75, 0.83
1626209, Mario Hezonja, 1610612753, ORL, 23.0, 53, 20.0, 6.38, 4.13, 2.25, 0.02, 1.58, 0.53, 1.68
203900, Markel Brown, 1610612745, HOU, 26.0, 4, 8.0, 3.0, 1.25, 1.75, 0.0, 0.5, 0.5, 0.25
1628365, Markelle Fultz, 1610612755, PHI, 19.0, 4, 19.0, 3.0, 1.25, 1.75, 0.0, 1.0, 0.5, 1.0
202693, Markieff Morris, 1610612764, WAS, 28.0, 52, 26.0, 6.6, 4.25, 2.35, 0.0, 1.33, 0.85, 4.96
1627737, Marquese Chriss, 1610612756, PHX, 20.0, 54, 21.0, 8.35, 5.98, 2.37, 0.0, 0.93, 0.63, 3.35
201578, Marreese Speights, 1610612753, ORL, 30.0, 47, 13.0, 4.38, 3.32, 1.06, 0.38, 0.32, 0.23, 2.64
1627850, Marshall Plumlee, 1610612749, MIL, 25.0, 7, 6.0, 2.57, 2.43, 0.14, 0.0, 0.71, 0.14, 3.57
101107, Marvin Williams, 1610612766, CHA, 31.0, 57, 26.0, 7.18, 4.91, 2.26, 0.0, 1.54, 0.63, 3.79
203486, Mason Plumlee, 1610612743, DEN, 27.0, 53, 21.0, 7.68, 6.25, 1.43, 0.13, 1.75, 0.75, 4.58
1627856, Matt Costello, 1610612759, SAS, 24.0, 3, 6.0, 1.33, 1.33, 0.0, 0.0, 0.0, 0.0, 0.67
1628475, Matt Williams Jr., 1610612748, MIA, 24.0, 3, 4.0, 0.33, 0.33, 0.0, 0.0, 0.67, 0.0, 0.0
203521, Matthew Dellavedova, 1610612749, MIL, 27.0, 36, 19.0, 3.89, 1.94, 1.94, 0.11, 0.61, 0.64, 1.44
203090, Maurice Harkless, 1610612757, POR, 24.0, 50, 21.0, 5.38, 3.54, 1.84, 0.0, 1.44, 0.56, 1.64
1628467, Maxi Kleber, 1610612742, DAL, 26.0, 54, 17.0, 7.04, 4.93, 2.11, 0.06, 0.67, 0.44, 3.19
203086, Meyers Leonard, 1610612757, POR, 26.0, 23, 8.0, 2.57, 1.74, 0.83, 0.0, 0.13, 0.22, 2.48
201563, Michael Beasley, 1610612752, NYK, 29.0, 55, 21.0, 5.22, 3.27, 1.95, 0.0, 1.29, 0.71, 1.6
203487, Michael Carter-Williams, 1610612766, CHA, 26.0, 49, 16.0, 4.14, 2.61, 1.53, 0.02, 1.39, 0.82, 0.51
203077, Michael Kidd-Gilchrist, 1610612766, CHA, 24.0, 54, 26.0, 7.63, 4.31, 3.31, 0.09, 1.04, 0.94, 1.63
201144, Mike Conley, 1610612763, MEM, 30.0, 12, 31.0, 6.33, 3.25, 3.08, 0.25, 2.17, 0.75, 1.08
1628455, Mike James, 1610612740, NOP, 27.0, 36, 19.0, 3.69, 2.25, 1.44, 0.0, 1.53, 0.81, 0.33
203488, Mike Muscala, 1610612737, ATL, 26.0, 32, 17.0, 7.81, 5.81, 2.0, 0.0, 0.81, 0.22, 4.22
203118, Mike Scott, 1610612764, WAS, 29.0, 56, 18.0, 4.79, 2.98, 1.8, 0.02, 0.32, 0.52, 4.23
203101, Miles Plumlee, 1610612737, ATL, 29.0, 40, 17.0, 7.03, 5.9, 1.13, 0.05, 0.73, 0.45, 5.08
1628462, Milos Teodosic, 1610612746, LAC, 30.0, 30, 25.0, 4.4, 2.67, 1.73, 0.13, 1.13, 0.87, 0.8
1628495, Milton Doyle, 1610612751, BKN, 24.0, 6, 11.0, 2.33, 1.67, 0.67, 0.0, 0.5, 0.83, 0.33
1627851, Mindaugas Kuzminskas, 1610612752, NYK, 28.0, 1, 2.0, None, None, None, None, None, None, None
203141, Mirza Teletovic, 1610612749, MIL, 32.0, 9, 16.0, 3.78, 2.44, 1.33, 0.11, 0.33, 0.11, 1.78
1628420, Monte Morris, 1610612743, DEN, 22.0, 3, 8.0, 1.67, 1.0, 0.67, 0.0, 1.67, 1.33, 0.0
1626149, Montrezl Harrell, 1610612746, LAC, 24.0, 53, 16.0, 6.75, 4.72, 2.04, 0.13, 0.85, 0.45, 4.0
1627988, Myke Henry, 1610612763, MEM, 25.0, 10, 18.0, 4.8, 2.7, 2.1, 0.0, 1.4, 0.7, 0.5
1626167, Myles Turner, 1610612754, IND, 21.0, 44, 28.0, 10.43, 8.02, 2.41, 0.07, 1.3, 0.8, 7.41
203489, Nate Wolters, 1610612762, UTA, 26.0, 5, 4.0, 0.2, 0.2, 0.0, 0.0, 0.4, 0.0, 0.4
1628513, Naz Mitrou-Long, 1610612762, UTA, 24.0, 1, 1.0, None, None, None, None, None, None, None
202357, Nemanja Bjelica, 1610612750, MIN, 29.0, 49, 16.0, 5.39, 3.39, 2.0, 0.04, 1.06, 0.35, 1.51
2403, Nene, 1610612745, HOU, 35.0, 41, 15.0, 5.56, 3.66, 1.9, 0.05, 1.41, 0.49, 4.02
203457, Nerlens Noel, 1610612742, DAL, 23.0, 18, 13.0, 4.44, 3.28, 1.17, 0.06, 1.5, 0.06, 2.11
2555, Nick Collison, 1610612760, OKC, 37.0, 10, 6.0, 1.9, 1.7, 0.2, 0.1, 0.2, 0.1, 2.8
201156, Nick Young, 1610612744, GSW, 32.0, 59, 14.0, 3.08, 1.64, 1.44, 0.03, 0.8, 0.41, 0.85
201587, Nicolas Batum, 1610612766, CHA, 29.0, 47, 31.0, 6.51, 3.55, 2.96, 0.02, 1.64, 1.04, 0.6
1627852, Nicolas Brussino, 1610612737, ATL, 24.0, 4, 2.0, 0.5, 0.25, 0.25, 0.0, 0.25, 0.0, 0.0
1628502, Nigel Hayes, 1610612747, LAL, 23.0, 2, 5.0, 0.0, 0.0, 0.0, 0.0, 0.0, 0.0, 0.5
203917, Nik Stauskas, 1610612751, BKN, 24.0, 33, 13.0, 3.09, 2.0, 1.09, 0.0, 0.42, 0.15, 0.18
203999, Nikola Jokic, 1610612743, DEN, 23.0, 54, 31.0, 12.43, 9.54, 2.89, 0.09, 2.26, 1.3, 6.78
202703, Nikola Mirotic, 1610612740, NOP, 27.0, 34, 27.0, 8.59, 5.26, 3.32, 0.12, 1.79, 1.24, 4.5
202696, Nikola Vucevic, 1610612753, ORL, 27.0, 37, 30.0, 10.11, 8.43, 1.68, 0.03, 2.0, 0.65, 6.84
203943, Noah Vonleh, 1610612741, CHI, 22.0, 38, 14.0, 4.63, 3.37, 1.26, 0.03, 0.37, 0.45, 2.11
1626181, Norman Powell, 1610612761, TOR, 24.0, 50, 16.0, 2.7, 1.46, 1.24, 0.02, 1.3, 0.32, 0.7
1628384, OG Anunoby, 1610612761, TOR, 20.0, 59, 21.0, 5.39, 3.03, 2.36, 0.02, 1.37, 0.59, 1.54
1627855, Okaro White, 1610612748, MIA, 25.0, 6, 13.0, 3.83, 2.67, 1.17, 0.33, 0.5, 0.33, 1.33
201600, Omer Asik, 1610612741, CHI, 31.0, 14, 9.0, 3.57, 3.0, 0.57, 0.0, 0.07, 0.0, 1.79
201956, Omri Casspi, 1610612744, GSW, 29.0, 47, 14.0, 3.68, 2.64, 1.04, 0.0, 0.7, 0.26, 0.98
203490, Otto Porter Jr., 1610612764, WAS, 24.0, 57, 32.0, 5.58, 3.19, 2.39, 0.02, 3.04, 1.23, 2.46
1628408, PJ Dozier, 1610612760, OKC, 21.0, 2, 2.0, 1.0, 1.0, 0.0, 0.0, 0.0, 0.0, 0.0
200782, PJ Tucker, 1610612745, HOU, 32.0, 60, 28.0, 6.33, 3.53, 2.8, 0.1, 1.65, 1.1, 4.12
1627783, Pascal Siakam, 1610612761, TOR, 23.0, 58, 20.0, 6.26, 4.19, 2.07, 0.0, 1.62, 1.02, 3.62
1626192, Pat Connaughton, 1610612757, POR, 25.0, 61, 19.0, 5.0, 3.05, 1.95, 0.02, 0.62, 0.48, 1.0
201976, Patrick Beverley, 1610612746, LAC, 29.0, 11, 30.0, 4.55, 2.45, 2.09, 0.45, 2.27, 1.91, 0.64
1627775, Patrick McCaw, 1610612744, GSW, 22.0, 51, 16.0, 3.0, 1.78, 1.22, 0.02, 1.22, 0.55, 0.73
202335, Patrick Patterson, 1610612760, OKC, 28.0, 62, 15.0, 4.69, 3.29, 1.4, 0.03, 1.0, 0.34, 3.15
201988, Patty Mills, 1610612759, SAS, 29.0, 61, 24.0, 3.16, 1.57, 1.59, 0.05, 1.34, 0.75, 1.02
2200, Pau Gasol, 1610612759, SAS, 37.0, 58, 25.0, 10.41, 9.22, 1.19, 0.03, 0.31, 0.59, 5.48
202331, Paul George, 1610612760, OKC, 27.0, 59, 36.0, 7.98, 4.05, 3.93, 0.05, 4.34, 1.63, 2.58
200794, Paul Millsap, 1610612743, DEN, 33.0, 17, 29.0, 11.41, 7.41, 4.0, 0.35, 2.47, 1.35, 3.94
1627835, Paul Zipser, 1610612741, CHI, 24.0, 49, 15.0, 4.98, 3.04, 1.94, 0.0, 0.8, 0.39, 1.14
203112, Quincy Acy, 1610612751, BKN, 27.0, 55, 20.0, 6.07, 4.36, 1.71, 0.35, 1.51, 0.42, 4.42
202347, Quincy Pondexter, 1610612741, CHI, 29.0, 23, 9.0, 1.65, 0.91, 0.74, 0.04, 0.52, 0.26, 0.52
1626188, Quinn Cook, 1610612744, GSW, 24.0, 13, 9.0, 1.38, 0.69, 0.69, 0.0, 0.23, 0.31, 0.08
1626154, RJ Hunter, 1610612745, HOU, 24.0, 2, 1.0, 0.5, 0.0, 0.5, 0.0, 0.0, 0.0, 0.0
200765, Rajon Rondo, 1610612740, NOP, 32.0, 46, 25.0, 3.09, 1.26, 1.83, 0.04, 1.83, 1.09, 0.5
201196, Ramon Sessions, 1610612764, WAS, 31.0, 13, 13.0, 1.46, 0.31, 1.15, 0.0, 0.92, 0.23, 0.08
1626173, Rashad Vaughn, 1610612753, ORL, 21.0, 26, 7.0, 1.31, 0.81, 0.5, 0.0, 0.23, 0.27, 0.35
203526, Raul Neto, 1610612762, UTA, 25.0, 33, 13.0, 3.91, 2.24, 1.67, 0.09, 0.48, 0.48, 0.36
101109, Raymond Felton, 1610612760, OKC, 33.0, 62, 17.0, 3.21, 1.66, 1.55, 0.03, 1.21, 0.79, 1.11
203493, Reggie Bullock, 1610612765, DET, 26.0, 45, 26.0, 5.38, 2.82, 2.56, 0.04, 1.24, 0.76, 0.71
203687, Reggie Hearn, 1610612765, DET, 26.0, 1, 3.0, 0.0, 0.0, 0.0, 0.0, 0.0, 0.0, 2.0
202704, Reggie Jackson, 1610612765, DET, 27.0, 33, 27.0, 5.42, 2.42, 3.0, 0.09, 1.3, 1.06, 1.03
2210, Richard Jefferson, 1610612743, DEN, 37.0, 16, 9.0, 2.25, 1.13, 1.13, 0.0, 0.31, 0.25, 0.94
1626158, Richaun Holmes, 1610612755, PHI, 24.0, 31, 15.0, 5.0, 3.71, 1.29, 0.0, 0.84, 0.48, 3.52
201937, Ricky Rubio, 1610612762, UTA, 27.0, 57, 29.0, 4.84, 2.65, 2.19, 0.09, 2.93, 1.28, 0.72
203496, Robert Covington, 1610612755, PHI, 27.0, 57, 32.0, 7.56, 4.12, 3.44, 0.02, 3.89, 1.32, 1.67
201577, Robin Lopez, 1610612741, CHI, 29.0, 57, 28.0, 11.46, 9.72, 1.74, 0.02, 0.32, 0.58, 8.74
203918, Rodney Hood, 1610612739, CLE, 25.0, 45, 27.0, 4.93, 2.82, 2.11, 0.02, 1.16, 0.56, 1.6
203585, Rodney McGruder, 1610612748, MIA, 26.0, 1, 9.0, 1.0, 1.0, 0.0, 0.0, 1.0, 0.0, 0.0
1627758, Ron Baker, 1610612752, NYK, 24.0, 29, 13.0, 2.38, 1.34, 1.03, 0.0, 1.66, 0.59, 1.07
1626178, Rondae Hollis-Jefferson, 1610612751, BKN, 23.0, 48, 28.0, 8.79, 6.65, 2.15, 0.02, 1.92, 0.56, 5.27
1626220, Royce O'Neale, 1610612762, UTA, 24.0, 48, 15.0, 3.02, 1.6, 1.42, 0.0, 0.98, 0.63, 0.92
200752, Rudy Gay, 1610612759, SAS, 31.0, 36, 22.0, 6.83, 3.94, 2.89, 0.08, 1.61, 1.08, 2.22
203497, Rudy Gobert, 1610612762, UTA, 25.0, 35, 31.0, 14.34, 12.03, 2.31, 0.0, 1.4, 0.74, 8.11
201566, Russell Westbrook, 1610612760, OKC, 29.0, 60, 36.0, 3.7, 1.93, 1.77, 0.05, 3.43, 2.05, 0.83
201583, Ryan Anderson, 1610612745, HOU, 29.0, 57, 28.0, 6.79, 4.77, 2.02, 0.11, 0.61, 0.68, 5.74
1627853, Ryan Arcidiacono, 1610612741, CHI, 23.0, 13, 9.0, 1.23, 0.23, 1.0, 0.15, 0.54, 0.15, 0.31
1626257, Salah Mejri, 1610612742, DAL, 31.0, 55, 12.0, 6.05, 5.0, 1.05, 0.18, 0.65, 0.51, 2.98
1626155, Sam Dekker, 1610612746, LAC, 23.0, 54, 13.0, 3.48, 2.35, 1.13, 0.0, 0.67, 0.52, 1.96
203930, Sean Kilpatrick, 1610612749, MIL, 28.0, 38, 10.0, 1.42, 0.82, 0.61, 0.0, 0.45, 0.29, 0.39
1628400, Semi Ojeleye, 1610612738, BOS, 23.0, 53, 14.0, 3.98, 2.51, 1.47, 0.08, 0.55, 0.3, 1.62
201586, Serge Ibaka, 1610612761, TOR, 28.0, 54, 28.0, 9.41, 6.74, 2.67, 0.04, 0.81, 0.48, 4.67
203498, Shabazz Muhammad, 1610612750, MIN, 25.0, 32, 9.0, 1.69, 0.94, 0.75, 0.0, 0.28, 0.28, 0.81
203894, Shabazz Napier, 1610612757, POR, 26.0, 54, 21.0, 3.74, 1.87, 1.87, 0.04, 2.04, 0.7, 0.46
203499, Shane Larkin, 1610612738, BOS, 25.0, 38, 11.0, 1.84, 0.82, 1.03, 0.16, 0.74, 0.47, 0.45
1627885, Shaquille Harrison, 1610612756, PHX, 24.0, 3, 8.0, 4.0, 1.67, 2.33, 0.0, 2.33, 0.67, 0.0
2733, Shaun Livingston, 1610612744, GSW, 32.0, 53, 15.0, 3.42, 2.17, 1.25, 0.0, 0.74, 0.47, 0.6
202714, Shelvin Mack, 1610612753, ORL, 27.0, 47, 18.0, 4.06, 1.98, 2.09, 0.04, 1.4, 0.6, 0.98
1628414, Sindarius Thornwell, 1610612746, LAC, 23.0, 50, 13.0, 3.6, 2.12, 1.48, 0.04, 0.82, 0.4, 0.9
1627746, Skal Labissiere, 1610612758, SAC, 21.0, 46, 19.0, 7.5, 4.85, 2.65, 0.04, 0.5, 0.76, 3.59
203915, Spencer Dinwiddie, 1610612751, BKN, 24.0, 61, 29.0, 5.82, 3.82, 2.0, 0.03, 1.57, 1.07, 1.44
1626169, Stanley Johnson, 1610612765, DET, 21.0, 49, 28.0, 5.06, 2.67, 2.39, 0.0, 1.98, 0.92, 1.02
201939, Stephen Curry, 1610612744, GSW, 29.0, 46, 33.0, 4.54, 2.2, 2.35, 0.09, 2.7, 1.67, 0.91
1628425, Sterling Brown, 1610612749, MIL, 23.0, 35, 15.0, 3.17, 1.51, 1.66, 0.0, 1.23, 0.86, 0.91
203500, Steven Adams, 1610612760, OKC, 24.0, 57, 33.0, 13.16, 9.32, 3.84, 0.0, 2.28, 1.35, 11.46
204456, T.J. McConnell, 1610612755, PHI, 25.0, 53, 25.0, 3.6, 2.09, 1.51, 0.02, 2.64, 1.13, 0.13
1628388, TJ Leaf, 1610612754, IND, 20.0, 43, 9.0, 2.84, 1.79, 1.05, 0.0, 0.21, 0.21, 1.67
203933, TJ Warren, 1610612756, PHX, 24.0, 59, 33.0, 6.25, 3.32, 2.93, 0.0, 1.78, 1.1, 1.14
201959, Taj Gibson, 1610612750, MIN, 32.0, 64, 34.0, 10.2, 6.05, 4.16, 0.0, 1.31, 1.08, 5.38
204028, Tarik Black, 1610612745, HOU, 26.0, 38, 10.0, 4.68, 3.45, 1.24, 0.03, 0.61, 0.58, 3.74
1627752, Taurean Prince, 1610612737, ATL, 23.0, 61, 30.0, 6.25, 3.61, 2.64, 0.11, 1.64, 1.1, 1.72
1628390, Terrance Ferguson, 1610612760, OKC, 19.0, 46, 12.0, 3.15, 1.87, 1.28, 0.0, 0.72, 0.43, 0.85
203082, Terrence Ross, 1610612753, ORL, 27.0, 22, 26.0, 5.23, 3.23, 2.0, 0.0, 2.27, 1.0, 1.05
1626179, Terry Rozier, 1610612738, BOS, 23.0, 61, 24.0, 3.57, 1.74, 1.84, 0.02, 1.49, 0.87, 0.85
200757, Thabo Sefolosha, 1610612762, UTA, 33.0, 38, 21.0, 5.55, 3.0, 2.55, 0.0, 2.18, 0.68, 2.55
201152, Thaddeus Young, 1610612754, IND, 29.0, 60, 33.0, 10.32, 5.4, 4.92, 0.15, 3.78, 1.2, 4.02
1628418, Thomas Bryant, 1610612747, LAL, 20.0, 8, 4.0, 1.38, 0.88, 0.5, 0.0, 0.13, 0.13, 0.75
1627748, Thon Maker, 1610612749, MIL, 21.0, 59, 18.0, 8.22, 6.66, 1.56, 0.0, 0.93, 0.66, 4.08
204025, Tim Frazier, 1610612764, WAS, 27.0, 47, 15.0, 2.96, 1.3, 1.66, 0.13, 1.02, 0.64, 0.55
203501, Tim Hardaway Jr., 1610612752, NYK, 25.0, 40, 33.0, 6.23, 2.85, 3.38, 0.18, 1.6, 1.05, 1.33
202389, Timofey Mozgov, 1610612751, BKN, 31.0, 27, 12.0, 6.11, 5.07, 1.04, 0.04, 0.26, 0.19, 3.81
1627789, Timothe Luwawu-Cabarrot, 1610612755, PHI, 22.0, 48, 16.0, 4.13, 2.29, 1.83, 0.0, 0.67, 0.5, 1.02
202699, Tobias Harris, 1610612746, LAC, 25.0, 57, 33.0, 9.33, 5.58, 3.75, 0.02, 1.39, 0.98, 3.75
203107, Tomas Satoransky, 1610612764, WAS, 26.0, 52, 19.0, 4.02, 2.21, 1.81, 0.02, 1.19, 0.83, 0.83
2754, Tony Allen, 1610612740, NOP, 36.0, 22, 12.0, 2.64, 1.27, 1.36, 0.0, 0.86, 0.55, 1.0
1628396, Tony Bradley, 1610612762, UTA, 20.0, 8, 3.0, 2.0, 0.63, 1.38, 0.0, 0.0, 0.0, 0.75
2225, Tony Parker, 1610612759, SAS, 35.0, 34, 21.0, 2.47, 1.21, 1.26, 0.03, 0.76, 0.68, 0.5
203503, Tony Snell, 1610612749, MIL, 26.0, 54, 29.0, 6.26, 3.74, 2.52, 0.0, 1.35, 0.72, 2.46
1628470, Torrey Craig, 1610612743, DEN, 27.0, 26, 16.0, 4.65, 2.77, 1.88, 0.0, 0.42, 0.46, 1.15
1626203, Treveon Graham, 1610612766, CHA, 24.0, 48, 17.0, 3.4, 1.75, 1.65, 0.08, 0.92, 0.71, 2.13
2772, Trevor Ariza, 1610612745, HOU, 32.0, 47, 35.0, 4.94, 2.4, 2.53, 0.04, 2.85, 1.11, 1.68
202344, Trevor Booker, 1610612755, PHI, 30.0, 51, 17.0, 5.08, 3.12, 1.96, 0.06, 0.78, 0.71, 5.08
203504, Trey Burke, 1610612752, NYK, 25.0, 16, 16.0, 2.63, 1.38, 1.25, 0.0, 0.69, 0.5, 0.19
1626168, Trey Lyles, 1610612743, DEN, 22.0, 56, 21.0, 6.64, 4.29, 2.36, 0.07, 0.77, 0.61, 3.18
203590, Trey McKinney-Jones, 1610612754, IND, 27.0, 1, 1.0, 0.0, 0.0, 0.0, 0.0, 0.0, 0.0, 1.0
202684, Tristan Thompson, 1610612739, CLE, 26.0, 40, 21.0, 9.25, 6.73, 2.53, 0.0, 0.48, 0.93, 5.38
203584, Troy Daniels, 1610612756, PHX, 26.0, 62, 19.0, 4.11, 2.26, 1.85, 0.03, 0.73, 0.47, 0.76
1627786, Troy Williams, 1610612752, NYK, 23.0, 7, 7.0, 1.29, 0.71, 0.57, 0.0, 0.57, 0.0, 0.0
1628463, Tyler Cavanaugh, 1610612737, ATL, 24.0, 30, 14.0, 4.37, 3.1, 1.27, 0.13, 0.63, 0.37, 4.37
1628416, Tyler Dorsey, 1610612737, ATL, 22.0, 35, 13.0, 2.57, 1.43, 1.14, 0.0, 0.46, 0.6, 0.51
203898, Tyler Ennis, 1610612747, LAL, 23.0, 36, 11.0, 2.56, 1.42, 1.14, 0.03, 0.53, 0.42, 0.67
204020, Tyler Johnson, 1610612748, MIA, 25.0, 53, 29.0, 7.7, 4.83, 2.87, 0.11, 1.62, 0.91, 0.91
1628399, Tyler Lydon, 1610612743, DEN, 21.0, 1, 2.0, 1.0, 0.0, 1.0, 0.0, 0.0, 0.0, 0.0
1627755, Tyler Ulis, 1610612756, PHX, 22.0, 56, 22.0, 3.63, 2.09, 1.54, 0.05, 1.82, 0.98, 0.82
203092, Tyler Zeller, 1610612749, MIL, 28.0, 49, 17.0, 8.39, 7.16, 1.22, 0.14, 0.29, 0.39, 4.31
201936, Tyreke Evans, 1610612763, MEM, 28.0, 49, 31.0, 5.88, 2.65, 3.22, 0.0, 1.78, 1.14, 0.76
1627820, Tyrone Wallace, 1610612746, LAC, 23.0, 21, 28.0, 7.95, 4.29, 3.67, 0.0, 1.71, 1.38, 1.05
2199, Tyson Chandler, 1610612756, PHX, 35.0, 42, 25.0, 7.29, 6.38, 0.9, 0.02, 0.62, 0.52, 6.95
1626145, Tyus Jones, 1610612750, MIN, 21.0, 64, 18.0, 3.47, 1.55, 1.92, 0.08, 1.97, 0.8, 0.36
2617, Udonis Haslem, 1610612748, MIA, 37.0, 9, 5.0, 2.0, 1.33, 0.67, 0.22, 0.0, 0.33, 1.0
203505, Vander Blue, 1610612747, LAL, 25.0, 5, 9.0, 1.8, 1.0, 0.8, 0.0, 0.6, 0.0, 0.2
203506, Victor Oladipo, 1610612754, IND, 25.0, 54, 34.0, 8.94, 4.06, 4.89, 0.17, 3.5, 1.48, 1.2
1713, Vince Carter, 1610612758, SAC, 41.0, 41, 17.0, 3.78, 1.88, 1.9, 0.02, 1.15, 0.59, 2.22
1626205, Vincent Hunter, 1610612763, MEM, 23.0, 4, 2.0, 1.0, 0.5, 0.5, 0.0, 0.0, 0.0, 0.25
201961, Wayne Ellington, 1610612748, MIA, 30.0, 60, 26.0, 4.73, 2.2, 2.53, 0.0, 0.98, 0.82, 0.93
1627782, Wayne Selden, 1610612763, MEM, 23.0, 20, 19.0, 3.45, 1.75, 1.7, 0.0, 1.15, 0.65, 0.85
1628411, Wes Iwundu, 1610612753, ORL, 23.0, 42, 14.0, 3.14, 1.67, 1.48, 0.02, 0.76, 0.4, 0.62
202325, Wesley Johnson, 1610612746, LAC, 30.0, 54, 23.0, 6.31, 4.04, 2.28, 0.02, 2.15, 0.48, 1.52
202083, Wesley Matthews, 1610612742, DAL, 31.0, 60, 34.0, 5.6, 2.53, 3.07, 0.07, 1.97, 1.18, 2.38
203115, Will Barton, 1610612743, DEN, 27.0, 60, 33.0, 6.35, 3.7, 2.65, 0.0, 1.85, 0.87, 0.62
1626161, Willie Cauley-Stein, 1610612758, SAC, 24.0, 56, 28.0, 9.29, 6.16, 3.13, 0.13, 1.88, 0.98, 3.79
203186, Willie Reed, 1610612765, DET, 27.0, 42, 10.0, 3.81, 3.29, 0.52, 0.29, 0.4, 0.31, 3.07
1626195, Willy Hernangomez, 1610612766, CHA, 23.0, 30, 8.0, 2.87, 2.2, 0.67, 0.0, 0.7, 0.3, 1.6
201163, Wilson Chandler, 1610612743, DEN, 30.0, 55, 31.0, 6.65, 3.73, 2.93, 0.0, 0.84, 1.02, 2.05
204098, Xavier Munford, 1610612749, MIL, 25.0, 4, 3.0, 0.5, 0.5, 0.0, 0.0, 0.25, 0.5, 0.0
1627812, Yogi Ferrell, 1610612742, DAL, 24.0, 61, 29.0, 5.05, 2.46, 2.59, 0.16, 1.43, 1.07, 1.75
1628380, Zach Collins, 1610612757, POR, 20.0, 45, 15.0, 5.82, 4.31, 1.51, 0.02, 0.29, 0.2, 3.07
203897, Zach LaVine, 1610612741, CHI, 22.0, 17, 27.0, 2.59, 1.24, 1.35, 0.0, 1.53, 0.47, 0.94
2216, Zach Randolph, 1610612758, SAC, 36.0, 52, 26.0, 6.25, 3.81, 2.44, 0.0, 1.19, 0.62, 5.33
2585, Zaza Pachulia, 1610612744, GSW, 34.0, 51, 15.0, 5.84, 4.24, 1.61, 0.0, 1.57, 0.51, 3.55
1627753, Zhou Qi, 1610612745, HOU, 22.0, 14, 5.0, 2.21, 1.64, 0.57, 0.0, 0.57, 0.07, 0.79
