PLAYER_ID, PLAYER_NAME, TEAM_ID, TEAM_ABBREVIATION, AGE, GP, W, L, W_PCT, MIN, DEF_RATING, DREB, DREB_PCT, PCT_DREB, STL, PCT_STL, BLK, PCT_BLK, OPP_PTS_OFF_TOV, OPP_PTS_2ND_CHANCE, OPP_PTS_FB, OPP_PTS_PAINT, DEF_WS, GP_RANK, W_RANK, L_RANK, W_PCT_RANK, MIN_RANK, DEF_RATING_RANK, DREB_RANK, DREB_PCT_RANK, PCT_DREB_RANK, STL_RANK, PCT_STL_RANK, BLK_RANK, PCT_BLK_RANK, OPP_PTS_OFF_TOV_RANK, OPP_PTS_2ND_CHANCE_RANK, OPP_PTS_FB_RANK, OPP_PTS_PAINT_RANK, DEF_WS_RANK, CFPARAMS
201166, Aaron Brooks,1610612745, HOU,24,80,52,28,0.65,25,103,1.6,0.071,0.095,0.6,0.182,0.1,0.047,7.6,5.9,5.4,18.7,0.033,54,39,225,101,170,132,298,424,427,214,225,340,364,248,237,229,248,93,201166
201189, Aaron Gray,1610612741, CHI,24,56,26,30,0.464,12.8,106,2.4,0.213,0.298,0.3,0.124,0.3,0.214,5.2,3.8,3.5,11.1,0.013,260,225,253,245,322,242,207,64,56,355,361,188,168,162,143,135,138,307,201189
201151, Acie Law,1610612737, ATL,24,55,33,22,0.6,10.2,99.4,0.9,0.1,0.142,0.2,0.134,0.1,0.048,2.9,3.2,2.2,8.9,0.018,265,161,163,132,368,49,388,328,315,373,339,394,362,55,104,60,97,227,201151
200747, Adam Morrison,1610612747, LAL,24,52,23,29,0.442,13.7,106.6,1.2,0.11,0.161,0.2,0.084,0.1,0.057,5.4,4.5,3.7,11.1,0.012,284,251,238,260,308,258,352,299,273,386,410,371,344,168,180,153,139,320,200747
1502, Adonal Foyle,1610612753, ORL,34,10,6,4,0.6,6.2,97.1,1.7,0.258,0.354,0,0,0.8,0.889,1.6,1.7,2.5,4.6,0.013,410,396,28,132,411,25,277,20,21,428,428,75,2,18,32,74,33,294,1502
1733, Al Harrington,1610612752, NYK,29,73,27,46,0.37,34.9,108,4.9,0.162,0.218,1.2,0.221,0.3,0.156,12.3,9.5,10,32.7,0.025,148,217,383,326,54,314,56,163,167,46,140,199,212,415,393,425,428,152,1733
201143, Al Horford,1610612737, ATL,23,67,41,26,0.612,33.5,105.4,7.1,0.25,0.345,0.8,0.167,1.4,0.419,9.4,9.2,8.2,28.3,0.034,192,100,202,124,79,222,12,26,23,137,266,23,78,310,379,368,383,85,201143
2744, Al Jefferson,1610612750, MIN,24,50,17,33,0.34,36.7,108.5,7.5,0.246,0.337,0.8,0.159,1.7,0.497,11.5,9.6,9,31.2,0.024,296,298,283,341,32,337,7,31,28,139,290,14,44,392,399,397,413,169,2744
201154, Al Thornton,1610612746, LAC,25,71,16,55,0.225,37.4,110.7,3.5,0.114,0.16,0.8,0.159,0.9,0.187,13.1,11.1,9,34.3,0.014,160,315,422,410,20,402,116,286,276,129,289,68,188,432,436,399,433,281,201154
201169, Alando Tucker,1610612756, PHX,25,30,15,15,0.5,9.4,107.9,0.4,0.048,0.069,0.2,0.094,0,0.032,3.5,3,3.4,8.9,0.007,353,325,101,204,376,312,429,440,440,387,401,412,395,81,93,128,96,386,201169
101165, Alex Acker,1610612746, LAC,26,25,4,21,0.16,8,102.5,0.6,0.092,0.124,0.2,0.132,0.2,0.167,2.4,2.4,0.8,7.7,0.011,370,407,155,436,389,119,413,356,363,373,346,290,201,42,60,9,70,328,101165
201582, Alexis Ajinca,1610612766, CHA,21,31,11,20,0.355,5.9,97.7,0.7,0.153,0.231,0.2,0.184,0.2,0.375,2.5,1.7,1.5,3.7,0.012,349,354,144,334,416,30,407,179,151,364,221,261,93,43,34,28,22,321,201582
947, Allen Iverson,1610612765, DET,34,57,25,32,0.439,36.7,103.8,2.5,0.08,0.109,1.5,0.322,0.1,0.03,10.2,9.8,7.5,28.8,0.046,256,232,273,264,33,159,198,406,408,15,22,333,396,343,403,331,389,35,947
2405, Amar'e Stoudemire,1610612756, PHX,26,53,30,23,0.566,36.8,106.4,5.9,0.178,0.24,0.9,0.196,1.1,0.306,14.4,11,9.8,28.1,0.033,276,194,172,160,31,252,32,123,137,104,193,46,125,441,435,423,374,88,2405
101161, Amir Johnson,1610612765, DET,22,62,27,35,0.435,14.7,98.4,2.1,0.168,0.226,0.3,0.154,1,0.522,3.6,3.5,2.4,9.7,0.028,232,217,298,268,288,38,232,153,155,328,302,57,36,85,128,70,114,135,101161
2760, Anderson Varejao,1610612739, CLE,26,81,65,16,0.802,28.5,99.1,5.1,0.209,0.281,0.9,0.209,0.8,0.276,8.1,6.7,7.4,23.2,0.052,31,3,111,17,138,47,48,72,78,103,163,72,139,264,266,318,307,21,2760
101154, Andray Blatche,1610612764, WAS,22,71,17,54,0.239,24,108.2,3.5,0.179,0.243,0.7,0.2,1,0.433,8,6,6.3,19.4,0.017,160,298,421,401,188,328,111,122,131,150,186,49,72,260,243,272,260,258,101154
2810, Andre Brown,1610612766, CHA,28,4,2,2,0.5,10.3,103.5,1.3,0.128,0.172,0.3,0.2,0,0,9,4,3.3,8,0.013,430,421,13,204,364,149,341,237,244,355,186,420,420,297,158,119,74,301,2810
2738, Andre Iguodala,1610612755, PHI,25,82,41,41,0.5,39.9,103.5,4.6,0.139,0.192,1.6,0.242,0.4,0.103,13,10.7,8.6,31.9,0.05,1,100,346,204,1,150,61,208,203,12,104,155,263,429,431,380,420,25,2738
1889, Andre Miller,1610612755, PHI,33,82,41,41,0.5,36.3,103.9,3,0.098,0.135,1.3,0.231,0.2,0.045,11.9,9.7,7.8,29.1,0.044,1,100,346,204,38,164,147,335,334,28,121,275,370,408,401,347,393,39,1889
200745, Andrea Bargnani,1610612761, TOR,23,78,30,48,0.385,31.5,109.5,4.4,0.165,0.223,0.4,0.11,1.2,0.382,10.5,8.9,7.7,27.8,0.017,89,194,396,316,105,374,71,158,163,267,385,32,91,353,364,338,369,255,200745
1905, Andrei Kirilenko,1610612762, UTA,28,67,42,25,0.627,27.3,101,3.5,0.154,0.213,1.2,0.229,1.1,0.395,9.2,7.8,6.6,22.9,0.043,192,92,188,116,148,81,112,175,179,40,125,39,88,302,311,283,304,44,1905
2804, Andres Nocioni,1610612758, SAC,29,76,27,49,0.355,26.2,107.7,4,0.179,0.256,0.5,0.135,0.4,0.159,9.3,8.5,7.1,23.9,0.02,117,217,405,333,161,304,88,120,109,235,335,156,209,303,349,306,314,210,2804
101106, Andrew Bogut,1610612749, MIL,24,36,19,17,0.528,31.2,97.7,7,0.266,0.355,0.6,0.146,1,0.451,11.1,8,6.7,22.3,0.06,337,282,122,182,107,33,14,18,18,188,317,51,64,381,325,286,295,12,101106
101115, Andrew Bynum,1610612747, LAL,21,50,40,10,0.8,28.9,101.2,5.2,0.2,0.27,0.4,0.076,1.8,0.533,9.5,7.6,6.7,25,0.044,296,114,61,18,134,84,44,84,85,309,413,11,34,313,307,289,328,38,101115
2740, Andris Biedrins,1610612744, GSW,23,62,20,42,0.323,30.1,109.1,7.6,0.276,0.395,1,0.207,1.5,0.444,11.5,9.8,10.3,30,0.018,232,274,358,355,122,356,6,14,7,86,172,18,68,396,404,429,402,240,2740
1712, Antawn Jamison,1610612764, WAS,33,81,19,62,0.235,38.2,111.8,6.5,0.205,0.284,1.2,0.199,0.3,0.094,13.5,10.3,11,32.6,0.01,31,282,442,403,9,417,19,78,73,52,191,193,275,436,422,439,426,351,1712
1853, Anthony Carter,1610612743, DEN,34,78,53,25,0.679,22.9,102.4,2.1,0.102,0.141,1.2,0.295,0.2,0.054,9.4,7.2,5.6,18.4,0.033,89,35,188,67,199,115,227,319,318,42,38,279,349,308,292,237,242,95,1853
1533, Anthony Johnson,1610612753, ORL,34,80,58,22,0.725,18.5,99.7,1.5,0.089,0.117,0.6,0.241,0.1,0.034,5.8,4.8,4.5,14.4,0.032,54,17,163,52,239,57,307,367,392,214,106,383,391,188,193,200,196,99,1533
201627, Anthony Morrow,1610612744, GSW,23,67,23,44,0.343,22.6,110.5,1.8,0.086,0.126,0.5,0.16,0.2,0.066,7.6,8.2,6.7,21.6,0.009,192,251,374,338,201,398,263,388,361,223,286,269,322,246,332,288,287,356,201627
1515, Anthony Parker,1610612761, TOR,34,80,31,49,0.388,33,106.9,3.4,0.121,0.164,1.3,0.272,0.2,0.057,10.1,8.6,7.8,28.3,0.028,54,185,405,315,85,267,123,258,263,36,62,265,345,335,354,342,379,131,1515
201576, Anthony Randolph,1610612744, GSW,19,63,21,42,0.333,17.9,110.4,3.7,0.224,0.343,0.7,0.236,1.2,0.42,6.7,6.5,6,16.9,0.008,222,268,358,343,249,396,105,46,25,171,118,38,76,222,259,258,224,379,201576
101194, Anthony Roberson,1610612741, CHI,26,29,11,18,0.379,9.5,109.2,0.6,0.066,0.094,0.3,0.204,0,0.083,3.1,2.9,2.6,8.7,0.006,356,354,131,320,374,361,421,428,428,314,174,411,294,61,91,78,92,397,101194
201229, Anthony Tolliver,1610612759, SAS,24,19,14,5,0.737,11,100.2,1.5,0.171,0.216,0.3,0.227,0.1,0.083,3.2,2.8,2.9,7.1,0.018,385,335,34,46,358,67,301,145,171,351,130,398,294,65,84,94,63,233,201229
101120, Antoine Wright,1610612742, DAL,25,65,38,27,0.585,23.9,108.1,1.6,0.08,0.108,0.7,0.205,0.4,0.19,6.8,6.4,6.5,19.1,0.017,209,131,211,144,190,322,286,405,412,160,173,164,186,224,252,278,253,253,101120
1498, Antonio Daniels,1610612740, NOH,34,74,40,34,0.541,13.8,110.8,1,0.093,0.126,0.4,0.182,0,0.012,4.6,3.5,3.9,10.4,0.005,135,114,289,173,304,403,385,354,359,311,225,419,416,133,125,165,130,400,1498
686, Antonio McDyess,1610612765, DET,34,62,28,34,0.452,30.1,108,6.8,0.279,0.37,0.7,0.201,0.8,0.333,8.3,6.6,6.9,23.9,0.021,232,208,289,254,121,315,16,11,15,178,185,74,108,271,265,297,315,195,686
201167, Arron Afflalo,1610612765, DET,23,74,36,38,0.486,16.7,105.4,1.4,0.101,0.136,0.4,0.182,0.2,0.102,4.4,3.6,3.9,12.6,0.018,135,140,317,232,263,221,323,324,328,298,225,271,267,128,130,167,172,236,201167
1506, Austin Croshere,1610612759, SAS,34,14,7,7,0.5,7.1,106.3,1.6,0.271,0.324,0.1,0.059,0.1,0.333,3.3,1.1,2.5,5.3,0.007,401,388,46,204,404,251,283,17,36,420,420,376,108,70,19,74,40,384,1506
1884, Baron Davis,1610612746, LAC,30,65,17,48,0.262,34.6,108,3,0.103,0.144,1.7,0.312,0.5,0.127,11.8,10,8.7,31.6,0.025,209,298,396,388,57,317,151,312,309,10,26,125,238,404,412,386,417,151,1884
2732, Ben Gordon,1610612741, CHI,26,82,41,41,0.5,36.6,107,2.8,0.087,0.124,0.9,0.162,0.3,0.064,12.8,11.8,9.8,33.5,0.031,1,100,346,204,34,272,165,382,364,116,280,212,330,427,442,420,431,108,2732
1112, Ben Wallace,1610612739, CLE,34,56,45,11,0.804,23.5,94.9,4,0.198,0.263,0.9,0.209,1.3,0.431,6.5,5.9,5.9,17.4,0.055,260,75,71,16,194,10,89,87,95,120,164,26,74,214,240,256,231,20,1112
2757, Beno Udrih,1610612758, SAC,26,73,14,59,0.192,31.1,111.8,2.4,0.089,0.129,1.1,0.249,0.2,0.066,11.6,9,8.8,30.1,0.008,148,335,437,428,110,418,210,371,350,61,94,286,322,402,370,391,404,377,2757
201336, Blake Ahearn,1610612759, SAS,25,3,2,1,0.667,6.3,73.2,0.3,0.067,0.083,0.3,0.167,0,0,3.3,1.3,4.7,8,0.035,434,421,3,71,410,3,433,427,433,319,268,420,420,73,24,206,74,80,201336
201628, Bobby Brown,1610612750, MIN,24,68,13,55,0.191,13.7,111.7,0.6,0.05,0.072,0.3,0.163,0,0.033,5.9,3.9,4.4,11.5,0.004,185,343,422,429,307,416,420,437,439,331,279,403,393,194,156,191,152,415,201628
1517, Bobby Jackson,1610612758, SAC,36,71,16,55,0.225,20.9,109.9,2.2,0.126,0.175,0.9,0.284,0.1,0.028,7.8,5.7,5.7,19.3,0.01,160,315,422,410,214,378,220,242,241,114,46,392,400,254,233,242,257,339,1517
2250, Bobby Simmons,1610612751, NJN,29,71,30,41,0.423,24.4,108.3,2.9,0.143,0.193,0.7,0.211,0.1,0.061,7.8,6.6,6.5,18.6,0.017,160,194,346,280,184,331,156,201,201,162,160,308,335,256,263,280,247,256,2250
2564, Boris Diaw,1610612766, CHA,27,81,41,40,0.506,34,102.8,3.9,0.136,0.186,0.8,0.157,0.7,0.17,11.9,9.2,7.5,27.7,0.047,31,100,332,201,69,126,100,223,216,144,295,103,199,410,380,325,367,33,2564
1802, Brad Miller,1610612741, CHI,33,70,25,45,0.357,30,110.5,5.6,0.219,0.311,0.7,0.172,0.5,0.228,10.8,8.1,7.9,26.3,0.012,170,232,378,331,124,397,35,55,42,153,255,127,164,367,328,353,346,309,1802
201148, Brandan Wright,1610612744, GSW,21,39,11,28,0.282,17.7,109.4,2.4,0.144,0.216,0.6,0.182,0.9,0.374,5.5,6.6,5.7,18.2,0.01,326,354,225,377,252,369,205,197,172,219,225,61,95,171,264,239,238,350,201148
101138, Brandon Bass,1610612742, DAL,24,81,49,32,0.605,19.4,105.9,2.9,0.176,0.235,0.3,0.117,0.7,0.306,6.3,5.1,5.2,15.7,0.019,31,55,273,128,228,238,153,130,146,319,373,99,126,202,212,221,213,217,101138
200750, Brandon Roy,1610612757, POR,24,78,52,26,0.667,37.2,104.5,3.4,0.115,0.15,1.1,0.224,0.3,0.07,10.3,9.4,7.7,30,0.043,89,39,202,71,23,187,122,284,299,59,135,206,315,348,390,335,401,47,200750
201575, Brandon Rush,1610612754, IND,23,75,33,42,0.44,24,107.2,2.7,0.122,0.169,0.5,0.146,0.5,0.172,8.7,7,6.1,19.2,0.019,124,161,358,261,186,282,174,253,254,239,316,135,197,287,283,264,254,215,201575
2217, Brendan Haywood,1610612764, WAS,29,6,2,4,0.333,29.2,110.9,5.2,0.187,0.248,0.7,0.235,2.5,0.577,14.2,7,9.2,23,0.011,422,421,28,343,133,406,47,109,121,171,120,2,24,438,280,406,305,333,2217
699, Brent Barry,1610612745, HOU,37,56,34,22,0.607,15.3,101.8,1.4,0.106,0.139,0.4,0.195,0.1,0.045,5.5,3.5,3.7,11.9,0.023,260,150,163,127,283,98,328,307,320,274,194,397,371,170,126,152,159,179,699
1510, Brevin Knight,1610612762, UTA,33,74,43,31,0.581,12.7,95.5,1,0.095,0.13,0.9,0.335,0.1,0.047,4.7,3.4,2.9,9.5,0.028,135,89,259,148,323,12,377,348,347,106,18,396,364,140,119,92,110,127,1510
2073, Brian Cardinal,1610612750, MIN,32,64,21,43,0.328,14.2,107.6,1.6,0.138,0.185,0.6,0.296,0.2,0.206,5.3,3.4,3.5,9.8,0.011,218,268,366,353,295,300,289,211,218,212,36,255,176,164,122,135,116,337,2073
2567, Brian Cook,1610612745, HOU,28,30,24,6,0.8,5.7,102.5,0.8,0.164,0.217,0.1,0.107,0.1,0.143,2.5,1.3,1.6,4.1,0.008,353,243,42,18,419,116,394,159,169,411,391,340,224,45,23,35,28,370,2567
2243, Brian Scalabrine,1610612738, BOS,31,39,31,8,0.795,12.9,99.1,1.1,0.096,0.12,0.2,0.091,0.3,0.204,5.3,3,3.7,10.1,0.024,326,185,52,23,319,46,362,346,380,385,406,218,178,166,93,157,122,163,2243
1730, Brian Skinner,1610612746, LAC,33,51,8,43,0.157,16.5,110.4,2.6,0.187,0.267,0.3,0.135,1,0.468,5.6,5.6,3.4,14.6,0.007,289,380,366,438,265,394,189,108,90,319,337,53,56,178,228,127,199,385,1730
201572, Brook Lopez,1610612751, NJN,21,82,34,48,0.415,30.5,108.2,5.4,0.212,0.282,0.5,0.125,1.8,0.59,10.1,8,8.7,26,0.021,1,150,396,286,116,326,41,67,76,225,358,10,20,337,323,387,343,193,201572
1477, Bruce Bowen,1610612759, SAS,38,80,54,26,0.675,18.8,99.9,1.6,0.1,0.128,0.5,0.191,0.2,0.102,5.6,4.1,4.5,13.5,0.033,54,25,202,70,235,63,287,326,353,264,201,287,267,172,159,200,185,94,1477
201228, C.J. Watson,1610612744, GSW,25,77,25,52,0.325,24.5,109.6,2,0.09,0.135,1.2,0.273,0.1,0.016,8.6,8.5,7.3,24.2,0.013,102,232,414,354,180,375,245,365,335,37,59,400,415,280,350,314,320,302,201228
101139, CJ Miles,1610612762, UTA,22,72,42,30,0.583,22.5,108.3,1.7,0.092,0.128,0.6,0.154,0.2,0.102,7.5,6.5,7.3,22.5,0.015,152,92,253,146,203,332,278,357,352,188,302,248,266,243,261,313,298,272,101139
1916, Calvin Booth,1610612758, SAC,33,8,2,6,0.25,6.9,122.1,0.8,0.113,0.182,0.1,0.125,0.3,0.667,3.1,2,0.9,6.5,-0.007,418,421,42,394,405,440,402,288,223,403,358,223,9,62,41,10,53,441,1916
201171, Carl Landry,1610612745, HOU,25,69,44,25,0.638,21.3,103.2,3.2,0.177,0.232,0.4,0.136,0.4,0.27,7.1,5.1,4.8,17.1,0.028,179,84,188,108,212,140,128,124,150,301,334,151,141,234,209,211,228,138,201171
2430, Carlos Boozer,1610612762, UTA,27,37,22,15,0.595,32.3,108.1,7.4,0.282,0.374,1.1,0.179,0.2,0.076,11,8.9,9.4,30.8,0.023,335,259,101,138,89,318,8,9,14,75,234,263,306,369,363,410,411,173,2430
2546, Carmelo Anthony,1610612743, DEN,25,66,45,21,0.682,34.5,103.7,5.2,0.171,0.237,1.1,0.178,0.4,0.086,10.7,9.5,8,28.1,0.043,202,75,155,65,59,155,45,144,144,57,236,175,289,361,392,354,377,42,2546
2406, Caron Butler,1610612764, WAS,29,67,15,52,0.224,38.6,112.9,4.4,0.137,0.194,1.6,0.26,0.3,0.084,14.1,11.3,11.2,32.1,0.005,192,325,414,413,7,428,72,213,199,13,71,200,292,437,440,441,422,403,2406
201858, Cartier Martin,1610612766, CHA,24,33,15,18,0.455,8,102.5,0.8,0.115,0.158,0.2,0.242,0.1,0.114,2.3,2.1,1.6,5.3,0.011,341,325,131,249,388,117,399,281,285,361,101,325,255,38,47,38,39,324,201858
200759, Cedric Simmons,1610612758, SAC,23,18,6,12,0.333,4.7,113.5,0.6,0.164,0.268,0.1,0.056,0.2,0.667,1.3,1.8,1.1,3,0,390,396,76,343,427,431,414,160,88,422,422,238,9,9,37,15,13,432,200759
101112, Channing Frye,1610612757, POR,26,63,40,23,0.635,11.8,108.8,1.6,0.171,0.234,0.3,0.17,0.3,0.302,3.9,2.6,2.5,9,0.007,222,114,172,110,340,345,296,142,147,350,259,222,128,99,71,77,100,380,101112
2294, Charlie Bell,1610612749, MIL,30,70,29,41,0.414,25.5,105.7,1.5,0.071,0.098,0.7,0.194,0.1,0.052,9.1,7,6.4,19.3,0.026,170,202,346,289,167,231,309,423,425,158,197,340,354,298,284,274,258,149,2294
101111, Charlie Villanueva,1610612749, MIL,24,78,33,45,0.423,26.9,107.1,4.7,0.214,0.291,0.6,0.154,0.7,0.35,9.7,7.5,7.1,21.7,0.023,89,161,378,279,155,276,59,61,62,187,302,86,105,320,302,307,289,181,101111
1497, Chauncey Billups,1610612743, DEN,32,79,54,25,0.684,35.3,105.1,2.6,0.087,0.12,1.2,0.184,0.2,0.055,11,9.8,7.7,28.6,0.038,68,25,188,64,50,206,177,385,379,50,222,236,348,370,406,339,386,71,1497
200798, Cheikh Samb,1610612752, NYK,24,18,8,10,0.444,4.6,93.9,0.8,0.163,0.25,0.2,0.273,0.6,0.5,1.2,1.6,1.6,2.8,0.011,390,380,61,258,428,9,400,162,116,387,59,119,38,7,29,34,11,332,200798
2365, Chris Andersen,1610612743, DEN,30,71,45,26,0.634,20.6,102.5,3.9,0.207,0.301,0.6,0.177,2.5,0.729,7.8,7.3,5.4,16.8,0.029,160,75,202,112,218,120,96,74,53,213,240,3,6,252,295,228,223,121,2365
2547, Chris Bosh,1610612761, TOR,25,77,31,46,0.403,38,107.5,7.2,0.221,0.303,0.9,0.167,1,0.266,11.9,10.7,8.6,32.6,0.03,102,185,383,303,13,293,11,50,48,115,267,54,143,409,429,383,425,115,2547
201604, Chris Douglas-Roberts,1610612751, NJN,22,44,15,29,0.341,13.3,102.2,0.8,0.076,0.102,0.3,0.136,0.2,0.1,4,3.8,3.2,10.4,0.019,315,325,238,340,312,108,395,414,418,348,332,293,271,100,146,114,129,221,201604
2768, Chris Duhon,1610612752, NYK,26,79,31,48,0.392,36.8,109.3,2.5,0.078,0.108,0.9,0.164,0.1,0.047,12.9,10.5,10.4,36.8,0.021,68,185,396,311,30,364,192,409,411,107,276,361,363,428,426,434,442,202,2768
2549, Chris Kaman,1610612746, LAC,27,31,6,25,0.194,29.7,107.6,5.5,0.221,0.31,0.5,0.13,1.5,0.409,11,9.1,7.4,28.1,0.023,349,396,188,426,129,297,37,52,44,221,353,19,80,373,371,321,373,175,2549
2036, Chris Mihm,1610612747, LAL,29,18,17,1,0.944,5.8,108.8,1.1,0.184,0.292,0.1,0.05,0.3,0.462,3.9,2.1,2.6,5.2,0.004,390,298,3,3,417,346,373,113,61,422,425,184,61,96,45,81,38,414,2036
101108, Chris Paul,1610612740, NOH,24,78,47,31,0.603,38.5,103.5,4.7,0.143,0.19,2.8,0.473,0.1,0.039,10.4,9.4,8.4,28.4,0.049,89,65,259,131,8,147,60,200,206,1,3,320,388,351,388,375,384,27,101108
200809, Chris Quinn,1610612748, MIA,25,66,33,33,0.5,14.6,106,1,0.085,0.119,0.4,0.209,0,0.019,4,4.1,2.7,11.2,0.013,202,161,283,204,289,245,376,389,388,306,164,413,411,101,162,83,141,292,200809
2404, Chris Wilcox,1610612752, NYK,26,62,15,47,0.242,16.9,107.5,2.9,0.206,0.286,0.4,0.176,0.3,0.198,7.5,5,4.8,14.7,0.013,232,325,389,400,262,291,154,76,68,279,245,216,184,244,204,210,200,304,2404
101236, Chuck Hayes,1610612745, HOU,26,71,46,25,0.648,12.1,100.5,2.5,0.243,0.314,0.5,0.245,0.3,0.317,3.8,2.4,3.2,9.2,0.02,160,69,188,104,335,73,202,34,41,251,100,214,120,95,59,115,103,206,101236
1088, Chucky Atkins,1610612760, OKC,34,33,17,16,0.515,12.5,105.2,0.6,0.05,0.073,0.3,0.147,0.1,0.049,5.2,4.3,4.1,10.5,0.013,341,298,111,192,328,210,418,438,437,334,313,388,358,160,169,171,133,295,1088
201147, Corey Brewer,1610612750, MIN,23,15,4,11,0.267,20.5,101.6,2.1,0.124,0.159,1,0.405,0.2,0.107,6.4,4.7,4.3,17.2,0.032,398,407,71,385,219,92,237,249,281,87,6,257,261,210,187,185,230,104,201147
1894, Corey Maggette,1610612744, GSW,29,51,18,33,0.353,31.1,110.9,4.6,0.166,0.241,0.9,0.172,0.2,0.045,12.1,11.1,10.4,31.3,0.011,289,292,283,336,109,405,64,157,134,118,256,295,369,413,437,433,414,323,1894
201584, Courtney Lee,1610612753, ORL,23,77,56,21,0.727,25.2,100.2,2.1,0.09,0.119,1,0.25,0.2,0.064,8.1,6.9,6,19.4,0.043,102,21,155,49,169,68,236,366,387,94,89,267,328,267,275,257,259,49,201584
201235, Courtney Sims,1610612752, NYK,25,2,0,2,0,6.6,96.7,1,0.2,0.25,0,0,0,0,1,2,1,10,0.014,438,442,13,442,406,21,378,82,116,428,428,420,420,5,41,12,119,287,201235
200783, Craig Smith,1610612750, MIN,25,74,22,52,0.297,19.7,107.8,2.5,0.153,0.207,0.4,0.161,0.3,0.156,6.6,5.1,5.6,15.9,0.015,135,259,414,364,224,309,197,180,184,281,283,217,215,217,208,236,216,276,200783
1749, Cuttino Mobley,1610612746, LAC,33,11,2,9,0.182,33.1,107.2,1.8,0.066,0.09,1.4,0.278,0.2,0.039,10.5,10.1,5.8,30.5,0.028,408,421,56,432,82,279,260,429,430,24,54,267,384,355,416,253,409,136,1749
201571, D.J. Augustin,1610612766, CHA,21,72,30,42,0.417,26.5,104,1.6,0.076,0.104,0.6,0.157,0,0.011,9.2,7.5,6,20.2,0.032,152,194,358,283,157,166,288,415,416,208,294,414,417,300,301,259,268,98,201571
2788, DJ Mbenga,1610612747, LAL,28,23,17,6,0.739,7.9,97.3,1,0.126,0.175,0.4,0.256,1,0.8,2,2.6,1.4,6.1,0.016,376,298,42,45,392,27,387,241,242,268,77,48,3,25,70,25,50,259,2788
201591, DJ White,1610612760, OKC,22,7,2,5,0.286,18.5,107,3.1,0.204,0.268,0.4,0.136,0.7,0.333,8.6,3.9,5.3,14.9,0.015,421,421,34,374,240,273,130,79,88,274,332,88,108,280,152,222,202,271,201591
201161, Daequan Cook,1610612748, MIA,22,75,41,34,0.547,24.4,106,2.3,0.111,0.156,0.5,0.142,0.1,0.047,7,6.9,4.7,19.3,0.024,124,100,289,170,181,241,219,292,291,233,324,316,366,232,277,208,255,171,201161
2563, Dahntay Jones,1610612743, DEN,28,79,52,27,0.658,18,105.2,1.4,0.089,0.123,0.6,0.189,0.2,0.124,5.9,5.1,4.5,15.3,0.019,68,39,211,93,245,212,325,368,365,195,206,233,245,193,206,199,208,218,2563
2863, Damien Wilkins,1610612760, OKC,29,41,12,29,0.293,15.5,106.8,1.2,0.104,0.142,0.5,0.186,0.2,0.137,6.4,4.1,5.1,15.2,0.013,323,349,238,367,280,266,345,309,316,225,215,275,230,207,163,217,207,296,2863
1800, Damon Jones,1610612749, MIL,32,18,6,12,0.333,6,110.3,0.3,0.065,0.094,0.2,0.176,0,0,1.4,2.2,1.3,3.8,0.003,390,396,76,343,414,392,433,430,429,387,242,420,420,13,53,22,23,419,1800
2429, Dan Gadzuric,1610612749, MIL,31,67,25,42,0.373,14,107.2,2.4,0.213,0.288,0.5,0.224,0.6,0.473,4.7,4.1,3.8,10.6,0.011,192,232,358,323,298,284,209,63,65,252,136,108,54,138,165,161,134,322,2429
200789, Daniel Gibson,1610612739, CLE,23,75,60,15,0.8,23.9,100.9,1.7,0.079,0.108,0.6,0.187,0.2,0.087,7.9,6.1,6.3,18,0.038,124,13,101,18,189,78,281,407,410,203,210,244,287,257,244,273,236,68,200789
201568, Danilo Gallinari,1610612752, NYK,20,28,14,14,0.5,14.7,105.1,1.5,0.115,0.157,0.5,0.219,0.1,0.182,4.9,3.4,4,12.4,0.016,361,335,91,204,287,208,302,278,286,242,146,305,191,146,118,168,170,266,201568
101122, Danny Granger,1610612754, IND,26,67,27,40,0.403,36.2,107.5,4.4,0.133,0.177,1,0.207,1.4,0.367,12.1,9.1,9.5,28.6,0.028,192,217,332,300,40,295,75,231,237,80,171,20,99,414,372,412,388,130,101122
2032, Darius Miles,1610612763, MEM,27,34,7,27,0.206,8.8,105.5,1.1,0.158,0.225,0.3,0.2,0.6,0.571,3.3,2.4,1.8,5.9,0.009,340,388,211,420,380,224,360,166,158,327,186,117,25,68,56,42,49,359,2032
2443, Darius Songaila,1610612764, WAS,31,77,18,59,0.234,19.8,107.8,2,0.121,0.167,0.8,0.254,0.3,0.183,6.9,5.1,5.7,15.8,0.015,102,292,437,404,222,310,247,260,255,127,86,215,190,230,210,245,214,275,2443
2545, Darko Milicic,1610612763, MEM,24,61,22,39,0.361,17,103.5,3,0.203,0.276,0.4,0.139,0.8,0.481,6,4.8,4.3,14.1,0.022,240,259,324,330,261,148,150,80,82,308,328,71,50,195,192,182,192,192,2545
201616, Darnell Jackson,1610612739, CLE,23,51,41,10,0.804,8.4,111.2,1.1,0.155,0.21,0.2,0.208,0.1,0.125,3.9,2.2,3,6.5,0.003,289,100,61,15,385,408,371,170,181,378,166,370,241,97,50,99,55,417,201616
201589, Darrell Arthur,1610612763, MEM,21,76,21,55,0.276,19.3,107.1,3.1,0.203,0.283,0.7,0.222,0.7,0.354,6.3,5.3,4.6,17.4,0.016,117,268,422,383,232,277,133,81,74,167,138,96,103,203,219,205,232,260,201589
101135, David Lee,1610612752, NYK,26,81,32,49,0.395,34.9,109.6,8.6,0.277,0.379,1,0.186,0.3,0.156,12.3,10.1,9.7,34.6,0.018,31,171,405,307,55,377,3,13,13,90,214,209,212,417,417,417,435,232,101135
2561, David West,1610612740, NOH,28,76,45,31,0.592,39.2,104.6,6.4,0.196,0.257,0.6,0.111,0.9,0.269,10.8,8.7,9.1,28.8,0.045,117,75,259,141,4,193,21,91,106,185,384,66,142,363,357,400,390,37,2561
201599, DeAndre Jordan,1610612746, LAC,20,53,11,42,0.208,14.6,112.4,3.1,0.256,0.38,0.2,0.098,1.1,0.641,6.2,5.4,3.8,14.4,0.003,276,354,358,418,290,424,135,22,12,370,398,43,11,199,224,160,197,418,201599
201634, DeMarcus Nelson,1610612744, GSW,23,13,3,10,0.231,13.1,107.5,1.4,0.113,0.159,0.7,0.375,0.2,0.087,4.8,4.6,6.2,13.7,0.01,403,416,61,406,317,296,327,289,279,166,10,297,287,145,184,270,188,338,201634
2205, DeSagana Diop,1610612766, CHA,27,75,38,37,0.507,13.8,108.8,2.1,0.19,0.267,0.4,0.213,0.7,0.549,5.1,4.1,3.3,11.4,0.009,124,131,312,200,302,348,225,99,93,294,155,81,31,156,164,121,149,368,2205
2052, DeShawn Stevenson,1610612764, WAS,28,32,7,25,0.219,27.7,112,2,0.089,0.126,0.7,0.157,0.1,0.024,9.7,9,9.4,24.7,0.006,346,388,188,416,144,420,240,375,360,179,296,383,402,321,367,411,323,388,2052
200793, Dee Brown,1610612756, PHX,24,19,5,14,0.263,13.7,110.2,1.2,0.098,0.144,0.5,0.222,0,0,4.7,4.8,3.4,11.4,0.006,385,404,91,387,305,388,354,337,312,232,138,420,420,137,194,129,146,393,200793
2753, Delonte West,1610612739, CLE,25,64,52,12,0.813,33.6,96.3,2.7,0.09,0.12,1.5,0.258,0.2,0.049,9.7,8.2,8.1,25.7,0.073,218,39,76,12,76,18,172,362,378,19,74,255,360,323,335,362,338,2,2753
201193, Demetris Nichols,1610612752, NYK,24,4,1,3,0.25,3.6,68,0.5,0.125,0.133,0,0,0.3,0.333,0,1,0,1.5,0.019,430,432,20,394,434,2,422,244,337,428,428,223,108,1,14,1,8,220,201193
965, Derek Fisher,1610612747, LAL,34,82,65,17,0.793,29.8,102.2,2,0.074,0.1,1.2,0.238,0.1,0.023,8.3,7.8,6.7,25,0.042,1,3,122,25,128,109,243,417,420,54,111,375,404,270,313,287,327,53,965
101114, Deron Williams,1610612762, UTA,25,68,39,29,0.574,36.8,107.5,2.5,0.081,0.112,1.1,0.178,0.3,0.084,12.3,10.3,11,35.6,0.029,185,122,238,152,27,292,196,401,404,68,237,201,292,416,423,438,439,123,101114
201565, Derrick Rose,1610612741, CHI,20,81,40,41,0.494,37,107.5,2.7,0.085,0.119,0.8,0.145,0.2,0.051,13.2,12.2,10.2,34.8,0.029,31,114,346,227,25,289,167,391,383,132,318,238,355,433,443,427,437,122,201565
2824, Desmon Farmer,1610612759, SAS,27,3,0,3,0,18,108.1,2,0.133,0.176,0,0,0,0,5,5.7,4.3,10.7,0.012,434,442,20,442,247,319,241,227,238,428,428,420,420,150,232,185,135,314,2824
2046, Desmond Mason,1610612760, OKC,31,39,11,28,0.282,27.3,105,3,0.119,0.158,0.4,0.115,0.8,0.246,10.3,7.2,7.4,24.2,0.03,326,354,225,377,149,202,149,270,282,295,377,78,159,345,291,319,319,116,2046
1904, Devean George,1610612742, DAL,31,43,27,16,0.628,16.5,107.8,1.2,0.088,0.122,0.5,0.215,0.3,0.145,5.8,4.7,4.9,13.3,0.012,318,217,111,115,267,307,344,378,372,228,152,219,223,184,188,213,181,311,1904
2484, Devin Brown,1610612740, NOH,30,63,38,25,0.603,13.8,100.4,1.4,0.122,0.161,0.5,0.213,0.1,0.068,4.3,3.1,3.5,9.7,0.023,222,131,188,130,303,72,324,255,274,237,154,368,317,121,98,140,112,177,2484
2734, Devin Harris,1610612751, NJN,26,69,30,39,0.435,36.1,109.1,2.9,0.097,0.131,1.7,0.301,0.2,0.054,11.1,9.6,10.4,29.6,0.022,179,194,324,269,41,358,155,343,344,11,31,264,350,380,400,432,396,191,2734
87, Dikembe Mutombo,1610612745, HOU,43,9,6,3,0.667,10.7,105.1,2.3,0.241,0.382,0,0,1.2,0.733,3.8,2.4,2.6,8.4,0.011,416,396,20,71,360,205,214,35,11,428,428,33,5,92,62,79,87,326,87
1717, Dirk Nowitzki,1610612742, DAL,31,81,49,32,0.605,37.7,105.6,7.3,0.224,0.298,0.8,0.132,0.8,0.197,11.1,9.9,10.3,30.5,0.038,31,55,273,128,15,227,9,47,57,144,344,76,185,379,408,430,408,66,1717
201187, Dominic McGuire,1610612764, WAS,23,79,18,61,0.228,26.2,111.9,4,0.185,0.259,0.8,0.19,0.9,0.374,9.3,7.1,7.5,22.1,0.006,68,292,441,408,160,419,91,110,100,138,205,63,95,307,287,328,292,389,201187
201590, Donte Greene,1610612758, SAC,21,55,11,44,0.2,13.2,108.6,1.2,0.107,0.152,0.3,0.155,0.3,0.179,5.4,3.8,4.3,12,0.009,265,354,374,421,314,340,346,303,298,340,299,220,194,167,149,189,161,367,201590
200971, Dontell Jefferson,1610612766, CHA,25,6,1,5,0.167,14,96.9,1.8,0.147,0.208,0.7,0.308,0.2,0.077,3.2,2.8,2.8,8.3,0.031,422,432,34,434,300,24,255,189,183,171,29,279,304,64,83,90,83,107,200971
923, Donyell Marshall,1610612755, PHI,36,25,12,13,0.48,7.6,108.1,1.4,0.214,0.343,0.2,0.108,0.2,0.263,2.2,2.9,1.7,7,0.005,370,349,84,236,397,323,331,62,24,393,388,257,146,34,88,40,60,399,923
2748, Dorell Wright,1610612748, MIA,23,6,4,2,0.667,12.2,96.6,3,0.257,0.346,0.3,0.286,0,0,4.3,3.2,4.3,11.3,0.025,422,407,13,71,332,20,145,21,22,319,42,420,420,120,100,185,145,157,2748
2400, Drew Gooden,1610612759, SAS,27,51,26,25,0.51,24.8,104.4,4.9,0.228,0.308,0.6,0.172,0.4,0.161,8.7,7.3,7.1,22.8,0.03,289,225,188,197,174,178,55,42,47,202,254,177,206,284,297,305,302,112,2400
101204, Dwayne Jones,1610612766, CHA,26,6,2,4,0.333,8.7,98,1,0.188,0.25,0,0,0.2,0.25,3.7,1.2,1.3,5.7,0.017,422,421,28,343,382,36,378,107,116,428,428,279,154,88,22,23,45,250,101204
2730, Dwight Howard,1610612753, ORL,23,79,57,22,0.722,35.7,98.5,9.6,0.295,0.388,1,0.188,2.9,0.709,11.4,9.3,7.8,26.2,0.067,68,19,163,53,45,40,2,7,10,95,208,1,7,388,381,346,345,6,2730
2548, Dwyane Wade,1610612748, MIA,27,79,42,37,0.532,38.6,104.1,3.9,0.121,0.166,2.2,0.312,1.3,0.297,11.8,10.4,9.5,31.5,0.047,68,92,312,179,6,169,98,263,258,2,25,25,130,406,425,415,416,31,2548
2248, Earl Watson,1610612760, OKC,30,68,19,49,0.279,26.1,108.5,2.2,0.098,0.131,0.7,0.194,0.2,0.064,10.6,6.8,8,23.5,0.017,185,282,405,380,162,336,223,334,345,154,197,288,329,358,269,358,311,244,2248
2109, Eddie Gill,1610612749, MIL,30,6,4,2,0.667,7.2,115.4,0.7,0.154,0.182,0.5,0.429,0.2,0.333,2.2,2,2.3,3,-0.001,422,407,13,71,403,436,409,177,223,242,4,279,108,30,41,66,13,434,2109
2067, Eddie House,1610612738, BOS,31,81,61,20,0.753,18.3,100.6,1.8,0.116,0.159,0.8,0.256,0.1,0.059,6.6,4.6,3.6,13,0.03,31,10,144,37,243,75,264,276,280,144,80,364,340,219,182,150,177,113,2067
2201, Eddy Curry,1610612752, NYK,26,3,0,3,0,3.9,123.9,1.3,0.333,0.444,0,0,0,0,2,1,1.3,5.3,-0.005,434,442,20,442,431,441,336,3,3,428,428,420,420,25,14,23,41,440,2201
2059, Eduardo Najera,1610612751, NJN,32,27,9,18,0.333,11.8,107.3,1.9,0.19,0.24,0.4,0.256,0.1,0.174,4.6,2.8,3.1,8.2,0.009,363,374,131,343,342,285,253,101,135,303,77,302,196,134,79,103,81,358,2059
1882, Elton Brand,1610612755, PHI,30,29,13,16,0.448,31.7,99.9,6.1,0.216,0.285,0.6,0.123,1.6,0.409,11.6,8.4,8.3,25.2,0.055,356,343,111,256,102,64,26,59,72,204,362,17,80,401,340,371,333,19,1882
2731, Emeka Okafor,1610612766, CHA,26,82,35,47,0.427,32.8,102.3,6.7,0.245,0.337,0.6,0.123,1.7,0.487,10.7,8.9,7.1,26,0.046,1,147,389,273,86,113,17,32,29,205,364,15,46,362,362,303,344,34,2731
201569, Eric Gordon,1610612746, LAC,20,78,19,59,0.244,34.3,109.2,2,0.07,0.098,1,0.203,0.4,0.108,12.4,10.3,8.6,31.8,0.02,89,282,437,398,62,360,241,426,424,87,177,152,258,420,424,384,419,209,201569
956, Erick Dampier,1610612742, DAL,33,80,49,31,0.613,22.9,105.3,4.4,0.216,0.285,0.3,0.092,1.2,0.5,6.6,5.7,6.9,17.7,0.024,54,55,259,123,198,214,74,57,70,336,405,36,38,215,231,295,233,165,956
2041, Etan Thomas,1610612764, WAS,31,26,4,22,0.154,11.8,115.6,1.6,0.168,0.256,0.1,0.081,0.7,0.581,3.9,3.9,2.4,8.8,-0.002,367,407,163,439,344,438,295,154,108,407,411,95,22,98,154,69,95,438,2041
101177, Fabricio Oberto,1610612759, SAS,34,54,37,17,0.685,12.5,102.7,1.4,0.136,0.175,0.1,0.096,0.2,0.216,3.8,2.7,3.2,9.2,0.017,272,136,122,63,327,122,321,220,240,401,399,254,167,92,74,112,104,243,101177
2436, Flip Murray,1610612737, ATL,29,80,46,34,0.575,24.7,102.2,1.8,0.087,0.123,1.1,0.264,0.2,0.092,7.2,6.9,5.8,19.8,0.036,54,69,289,150,178,105,258,380,368,63,68,245,283,237,276,248,263,77,2436
1922, Francisco Elson,1610612749, MIL,33,59,22,37,0.373,16.6,107,2.2,0.169,0.227,0.6,0.231,0.6,0.474,6.1,4.1,4.2,12.1,0.014,250,259,312,324,264,274,222,151,154,197,122,113,53,197,160,181,164,286,1922
101128, Francisco Garcia,1610612758, SAC,27,65,12,53,0.185,30.4,112.3,2.5,0.096,0.141,1.2,0.273,1,0.349,11.5,9,9.1,28.3,0.006,209,349,419,431,118,423,199,345,319,42,57,50,106,395,369,404,381,392,101128
2410, Fred Jones,1610612746, LAC,30,52,11,41,0.212,28.8,111.2,2,0.082,0.117,1,0.242,0.2,0.067,9.5,8.8,6.8,26.4,0.009,284,354,346,417,136,410,246,399,391,85,102,246,319,314,361,294,349,353,2410
201172, Gabe Pruitt,1610612738, BOS,23,47,33,14,0.702,7.8,95.8,0.7,0.108,0.152,0.3,0.242,0.1,0.097,2.8,1.9,1.5,5.6,0.017,308,161,91,57,393,17,404,301,296,330,103,381,274,54,39,30,42,247,201172
201588, George Hill,1610612759, SAS,23,77,52,25,0.675,16.5,100.3,1.7,0.12,0.155,0.6,0.269,0.3,0.168,4.7,3.6,4.2,12.2,0.028,102,39,188,69,266,70,279,268,293,207,63,208,200,142,135,177,168,137,201588
101123, Gerald Green,1610612742, DAL,23,38,20,18,0.526,9.9,105.6,1.1,0.121,0.159,0.3,0.167,0.1,0.093,3.8,2.4,3.2,8,0.01,332,274,131,183,370,228,374,260,278,351,268,317,282,90,58,117,74,341,101123
2222, Gerald Wallace,1610612766, CHA,26,71,32,39,0.451,37.6,101.7,6.2,0.199,0.27,1.7,0.289,0.9,0.252,12.4,10.1,7.8,28.8,0.056,160,171,324,255,17,96,25,86,86,6,39,62,151,419,415,348,391,15,2222
2240, Gilbert Arenas,1610612764, WAS,27,2,1,1,0.5,31.3,114.3,4,0.133,0.174,0,0,0.5,0.5,7,7,7.5,21,-0.002,438,432,3,204,106,434,90,227,243,428,428,130,38,233,280,329,277,436,2240
201175, Glen Davis,1610612738, BOS,23,76,59,17,0.776,21.5,102.5,2.4,0.136,0.183,0.7,0.22,0.3,0.171,7.9,5,4.6,16.2,0.029,117,15,122,32,209,118,212,218,220,165,144,223,198,259,205,204,218,117,201175
201609, Goran Dragic,1610612756, PHX,23,55,31,24,0.564,13.2,107,1.3,0.118,0.166,0.5,0.191,0.1,0.039,5.6,3.7,3.6,11.5,0.011,265,185,183,161,313,271,339,271,257,231,202,394,387,177,141,149,151,331,201609
255, Grant Hill,1610612756, PHX,36,82,46,36,0.561,29.8,108.1,4.2,0.155,0.217,1.1,0.247,0.7,0.213,11.5,10,8,25,0.021,1,69,307,164,127,321,84,171,168,64,97,102,172,393,411,356,330,196,255
1761, Greg Buckner,1610612763, MEM,32,63,20,43,0.317,13.9,103.8,1.6,0.144,0.187,0.5,0.218,0.1,0.103,4.3,3,3.3,10.3,0.017,222,274,366,357,301,161,297,196,213,258,148,321,264,121,92,123,126,249,1761
201141, Greg Oden,1610612757, POR,21,61,40,21,0.656,21.5,106.6,4.2,0.252,0.338,0.4,0.126,1.1,0.463,6.3,5.8,4.1,17,0.019,240,114,155,96,210,259,83,24,27,286,357,41,59,206,235,172,225,219,201141
101124, Hakim Warrick,1610612763, MEM,26,82,24,58,0.293,24.7,106,3.4,0.169,0.229,0.6,0.159,0.5,0.206,8.4,6.5,6.7,20.8,0.024,1,243,430,367,176,243,124,149,153,205,287,142,176,274,257,285,276,170,101124
201632, Hamed Haddadi,1610612763, MEM,24,19,8,11,0.421,6.3,90.1,1.6,0.274,0.356,0.1,0.053,0.6,0.571,1.7,1,1.2,4.4,0.018,385,380,71,281,409,7,284,15,17,424,423,110,25,21,14,18,31,230,201632
200801, Hassan Adams,1610612761, TOR,25,12,4,8,0.333,4.3,111.7,0.5,0.146,0.214,0.1,0.091,0.1,0.2,1.4,1.8,1,2.7,0.001,404,407,52,343,430,415,422,190,175,416,406,365,179,14,35,12,9,429,200801
2045, Hedo Turkoglu,1610612753, ORL,30,77,56,21,0.727,36.6,97.9,4.7,0.143,0.189,0.8,0.158,0.2,0.059,11,9.8,8.2,26.8,0.072,102,21,155,49,35,35,58,198,209,127,291,228,339,374,405,364,354,3,2045
201611, Henry Walker,1610612738, BOS,21,29,23,6,0.793,7.4,108.2,0.7,0.125,0.179,0.2,0.146,0.1,0.125,3.1,2.6,1.6,5.7,0.005,356,251,42,24,399,325,403,244,228,371,314,379,241,63,68,36,46,398,201611
200756, Hilton Armstrong,1610612740, NOH,24,70,40,30,0.571,15.6,103.4,1.6,0.131,0.18,0.4,0.132,0.6,0.484,5,3.9,3.7,12.1,0.02,170,114,253,153,278,145,285,232,226,302,343,107,49,150,155,158,165,204,200756
101113, Ike Diogu,1610612758, SAC,25,29,15,14,0.517,7.4,115.5,1,0.173,0.244,0.1,0.115,0.1,0.167,2.2,2.5,2.4,7.7,-0.001,356,325,91,190,401,437,375,134,130,410,377,336,201,33,64,68,72,435,101113
2137, Ime Udoka,1610612759, SAS,31,67,42,25,0.627,15.5,97.5,2.4,0.181,0.238,0.5,0.24,0.2,0.15,4.2,3.8,4,11.6,0.031,192,92,188,116,281,29,211,116,138,223,108,269,220,114,145,169,154,105,2137
200826, J.J. Barea,1610612742, DAL,25,79,50,29,0.633,20.3,105.3,1.8,0.102,0.137,0.5,0.167,0.1,0.028,6.3,5.2,5.5,16.8,0.021,68,52,238,113,220,216,266,315,324,257,264,382,399,205,215,234,222,200,200826
201592, J.R. Giddens,1610612738, BOS,24,6,3,3,0.5,1.3,76.5,0.2,0.2,0.333,0.2,0.333,0,0,0.7,0.3,0,0.7,0.005,422,416,20,204,445,4,438,82,30,387,19,420,420,4,8,1,2,404,201592
201581, JJ Hickson,1610612739, CLE,20,62,49,13,0.79,11.4,106.5,1.8,0.177,0.247,0.2,0.171,0.5,0.435,5,3.3,3.5,9.1,0.01,232,55,84,28,350,255,259,125,124,364,258,139,70,153,109,130,102,340,201581
200755, JJ Redick,1610612753, ORL,25,64,48,16,0.75,17.3,100.2,1.6,0.099,0.131,0.3,0.149,0,0.009,5.9,4.3,4.1,13.2,0.029,218,62,111,39,255,66,294,332,346,326,311,418,419,192,170,174,179,119,200755
2747, JR Smith,1610612743, DEN,23,81,53,28,0.654,27.7,101.7,3.1,0.128,0.179,1,0.193,0.2,0.045,9.9,8.4,6.8,21.5,0.042,31,35,225,97,143,94,132,239,231,97,200,272,372,329,342,290,283,54,2747
201580, JaVale McGee,1610612764, WAS,21,75,17,58,0.227,15.2,113.7,2.3,0.181,0.267,0.4,0.176,1,0.62,6.3,4.9,4.9,13.3,0,124,298,430,409,284,432,216,117,91,266,246,54,15,201,201,212,180,431,201580
1521, Jacque Vaughn,1610612759, SAS,34,30,17,13,0.567,9.7,98.8,0.6,0.073,0.097,0.2,0.194,0,0,2.2,2.4,2.1,5.9,0.018,353,298,84,159,372,42,416,420,426,373,199,420,420,30,57,56,48,239,1521
2063, Jake Voskuhl,1610612761, TOR,31,38,17,21,0.447,6.3,103.6,1,0.176,0.236,0.1,0.067,0.1,0.211,2.5,2,1.5,4.7,0.008,332,298,155,257,408,151,378,128,145,418,416,333,174,45,41,31,35,373,2063
2048, Jamaal Magloire,1610612748, MIA,31,55,28,27,0.509,12.9,103.1,2.5,0.251,0.319,0.2,0.116,0.5,0.424,3.5,2.8,3.1,9.7,0.017,265,208,211,198,320,133,191,25,39,373,375,148,75,82,78,108,113,257,2048
2037, Jamal Crawford,1610612744, GSW,29,65,25,40,0.385,38.1,112,2.6,0.074,0.107,0.9,0.155,0.2,0.046,14.6,13.6,14,41.4,0.009,209,232,332,316,11,421,179,418,413,111,300,257,368,442,444,443,445,366,2037
200081, Jamario Moon,1610612748, MIA,29,80,33,47,0.413,25.9,104.4,3.8,0.173,0.237,1.1,0.305,0.8,0.249,7.8,7,5.8,21.5,0.03,54,161,389,291,163,184,102,136,142,67,30,79,156,253,279,248,282,110,200081
2749, Jameer Nelson,1610612753, ORL,27,42,32,10,0.762,31.2,96.7,3,0.103,0.135,1.2,0.251,0.1,0.019,9.6,8.6,6.2,22.2,0.067,320,171,61,36,108,22,148,313,333,45,88,376,409,316,355,268,294,8,2749
2592, James Jones,1610612748, MIA,28,40,20,20,0.5,15.7,104.2,1.3,0.098,0.129,0.3,0.156,0.4,0.2,4.1,3.6,3.6,12.1,0.018,324,274,144,204,276,173,341,340,348,336,298,179,179,106,133,146,162,231,2592
1899, James Posey,1610612740, NOH,32,75,45,30,0.6,28.5,103.7,4.3,0.19,0.254,0.8,0.177,0.3,0.117,8.9,6.7,6.5,20.2,0.036,124,75,253,132,137,156,77,104,110,140,239,207,253,296,268,279,267,78,1899
101189, James Singleton,1610612742, DAL,27,62,39,23,0.629,14.3,101,2.6,0.191,0.261,0.4,0.19,0.5,0.292,4.5,4.3,3,11.4,0.023,232,122,172,114,294,80,184,95,99,279,204,149,133,129,172,102,148,178,101189
200778, James White,1610612745, HOU,26,4,2,2,0.5,2.8,107.8,0,0,0,0.3,1,0.3,0.5,2.3,0.5,1.5,4,0.002,430,421,13,204,439,308,441,441,441,355,1,223,38,36,9,31,25,420,200778
201162, Jared Dudley,1610612756, PHX,23,68,34,34,0.5,17,106.7,1.8,0.131,0.189,0.8,0.273,0.1,0.07,5.6,5.4,3.9,13.4,0.015,185,150,289,204,260,262,262,234,208,126,59,328,314,174,223,163,184,277,201162
2407, Jared Jeffries,1610612752, NYK,27,56,22,34,0.393,23.4,107.3,1.8,0.091,0.124,0.8,0.236,0.6,0.465,8.7,5.9,6.6,20.4,0.019,260,259,289,310,195,287,254,359,362,124,116,116,57,289,240,282,272,223,2407
101127, Jarrett Jack,1610612754, IND,25,82,36,46,0.439,33.1,106.9,2.8,0.094,0.126,1.1,0.224,0.2,0.055,11.5,8.5,8.8,26.7,0.028,1,140,383,263,83,270,164,350,356,69,134,251,347,397,345,389,352,132,101127
2260, Jarron Collins,1610612762, UTA,30,26,16,10,0.615,7.7,107.2,0.7,0.102,0.149,0.1,0.057,0,0.1,2.7,2.7,2.2,6.8,0.006,367,315,61,121,394,280,412,317,300,419,421,406,271,51,77,58,56,394,2260
2553, Jarvis Hayes,1610612751, NJN,27,74,32,42,0.432,24.8,105.3,3.2,0.155,0.214,0.7,0.195,0.1,0.04,8.5,6.6,6.1,18.8,0.026,135,171,358,270,175,213,126,173,177,163,195,356,382,277,262,263,249,147,2553
2215, Jason Collins,1610612750, MIN,30,31,6,25,0.194,13.6,112.6,1.4,0.135,0.172,0.3,0.231,0.4,0.406,5.6,3,3.7,10.5,0.002,349,396,188,426,309,425,333,224,246,341,122,163,85,173,96,154,131,423,2215
2078, Jason Hart,1610612743, DEN,31,39,16,23,0.41,8.9,108.2,0.8,0.115,0.164,0.3,0.261,0.1,0.118,3.3,2.6,2.5,7.7,0.006,326,315,172,295,379,327,393,283,261,332,70,338,250,67,69,73,71,390,2078
2574, Jason Kapono,1610612761, TOR,28,80,33,47,0.413,22.9,107.6,1.7,0.086,0.117,0.3,0.105,0,0.019,7.7,6.9,5.5,18.8,0.018,54,161,389,291,200,299,275,386,393,347,393,408,410,249,272,231,250,237,2574
467, Jason Kidd,1610612742, DAL,36,81,50,31,0.617,35.6,104.2,5.1,0.162,0.214,2,0.343,0.5,0.129,10.5,9.3,9.8,28,0.043,31,52,259,120,47,172,48,164,174,3,16,140,237,354,385,421,372,48,467
101131, Jason Maxiell,1610612765, DET,26,78,39,39,0.5,18,107.9,2,0.136,0.189,0.3,0.15,0.8,0.434,5.8,4.5,4.4,14.7,0.013,89,122,324,204,244,313,244,221,210,329,310,73,71,190,178,190,201,298,101131
2202, Jason Richardson,1610612756, PHX,28,72,37,35,0.514,33.5,110.7,3.4,0.118,0.163,1.1,0.217,0.4,0.116,12,10.7,8.7,28.1,0.013,152,136,298,195,78,401,125,272,265,74,149,168,254,412,430,388,376,303,2202
1891, Jason Terry,1610612742, DAL,31,74,45,29,0.608,33.7,105.6,1.9,0.063,0.086,1.3,0.259,0.3,0.075,9.9,9.3,8.8,27.7,0.034,135,75,238,126,74,226,252,432,432,29,73,211,307,332,386,390,366,84,1891
201574, Jason Thompson,1610612758, SAC,22,82,17,65,0.207,28.1,110.2,4.5,0.188,0.263,0.6,0.135,0.7,0.289,10.8,7.7,8.2,26.3,0.013,1,298,445,419,140,386,66,106,96,220,338,85,134,366,308,365,348,306,201574
201159, Javaris Crittenton,1610612764, WAS,21,63,14,49,0.222,18.6,112.9,1.7,0.112,0.161,0.6,0.207,0.1,0.051,7.1,5.1,5,15.9,0.002,222,335,405,414,236,429,272,291,275,190,170,354,355,235,213,216,215,421,201159
101214, Jawad Williams,1610612739, CLE,26,10,7,3,0.7,2,95.2,0.1,0.059,0.083,0.1,0.2,0,0,1,0.2,1,0.8,0.005,410,388,20,58,443,11,440,434,433,411,186,420,420,5,7,12,3,407,101214
1902, Jeff Foster,1610612754, IND,32,74,31,43,0.419,24.7,103.8,4,0.18,0.234,0.7,0.202,0.7,0.282,8.7,5.9,5.9,17.7,0.03,135,185,366,282,177,160,92,119,149,157,179,101,137,288,239,255,234,111,1902
201145, Jeff Green,1610612760, OKC,22,78,20,58,0.256,36.8,108.4,5.1,0.164,0.222,1,0.187,0.4,0.125,14.4,10,10.4,35.3,0.025,89,274,430,391,28,333,51,161,164,79,211,161,240,440,413,431,438,159,201145
200978, Jeremy Richardson,1610612753, ORL,25,12,9,3,0.75,7.7,105.2,1.1,0.146,0.188,0,0,0,0,2.2,1.9,3.5,6.2,0.008,404,374,20,39,395,209,369,191,211,428,428,420,420,30,40,135,51,369,200978
979, Jermaine O'Neal,1610612748, MIA,30,68,28,40,0.412,29.8,107.2,4.5,0.179,0.246,0.4,0.109,2,0.579,8.9,8.1,6.6,22.3,0.024,185,208,332,293,126,281,68,121,128,277,387,6,23,295,330,284,296,162,979
201176, Jermareo Davidson,1610612744, GSW,24,14,4,10,0.286,7.9,99.6,1.7,0.226,0.324,0.1,0.133,0.2,0.214,3.4,2.9,1.9,6.9,0.015,401,407,61,374,391,52,274,43,34,398,340,243,168,79,89,48,57,274,201176
1744, Jerome James,1610612752, NYK,33,2,1,1,0.5,4.9,110.1,1,0.25,0.286,0.5,0.5,0.5,1,0,0,0,1,0.002,438,432,3,204,424,382,378,27,69,242,2,130,1,1,1,1,4,422,1744
711, Jerry Stackhouse,1610612742, DAL,34,10,3,7,0.3,16.2,108.7,1.2,0.08,0.104,0.4,0.133,0.1,0.083,5.8,6.3,5.5,12.6,0.011,410,416,46,363,270,343,349,404,417,289,340,340,294,187,250,230,173,335,711
201573, Jerryd Bayless,1610612757, POR,20,53,34,19,0.642,12.4,107.5,0.9,0.092,0.123,0.3,0.211,0,0.039,4.1,3.3,3.2,10.9,0.01,276,150,141,106,330,294,390,358,367,335,161,407,384,111,115,116,137,345,201573
201149, Joakim Noah,1610612741, CHI,24,80,39,41,0.488,24.2,104.9,4.5,0.216,0.3,0.6,0.161,1.4,0.445,8.1,7.6,6.2,21.6,0.027,54,122,346,231,185,197,67,58,54,196,284,24,67,266,305,267,286,142,201149
201570, Joe Alexander,1610612749, MIL,22,59,23,36,0.39,12.1,106.1,1.2,0.125,0.166,0.3,0.132,0.5,0.446,4.4,3.2,2.8,8.2,0.012,250,251,307,314,333,248,348,243,259,354,346,136,66,124,101,91,82,319,201570
201621, Joe Crawford,1610612752, NYK,23,2,1,1,0.5,11.4,80.2,1.5,0.12,0.188,0.5,0.167,0,0,2,3,0,10,0.042,438,432,3,204,346,5,302,265,212,242,268,420,420,25,93,1,119,50,201621
2207, Joe Johnson,1610612737, ATL,28,79,45,34,0.57,39.5,105.4,3.6,0.107,0.147,1.1,0.176,0.2,0.066,11.5,10.6,10.6,33.6,0.041,68,75,289,156,3,217,110,305,302,70,244,233,321,399,428,437,432,56,2207
693, Joe Smith,1610612739, CLE,33,57,25,32,0.439,19.3,103.3,3.1,0.181,0.242,0.3,0.13,0.7,0.381,5.6,5.4,4.5,16.1,0.025,256,232,273,264,229,142,139,118,132,338,353,94,92,176,222,194,217,150,693
201202, Joel Anthony,1610612748, MIA,26,65,36,29,0.554,16.1,103.6,1.7,0.123,0.171,0.3,0.13,1.4,0.633,5.7,4.3,4.1,13.1,0.02,209,140,238,168,272,154,280,250,251,332,351,22,12,181,171,173,178,205,201202
2038, Joel Przybilla,1610612757, POR,29,82,54,28,0.659,23.8,99.7,6.3,0.324,0.424,0.4,0.129,1.2,0.497,6.9,5.5,5.2,18.2,0.041,1,25,225,90,191,58,24,5,6,283,355,37,43,228,227,220,240,55,2038
201595, Joey Dorsey,1610612745, HOU,25,3,2,1,0.667,2.1,95.8,0.3,0.25,0.25,0,0,0,0,1.3,0,0.7,1.3,0.004,434,421,3,71,442,16,433,27,116,428,428,420,420,9,1,6,7,410,201595
101121, Joey Graham,1610612761, TOR,27,78,31,47,0.397,19.8,105.8,2.5,0.149,0.197,0.4,0.178,0.2,0.094,6.8,5.5,4.5,15.1,0.02,89,185,389,306,223,237,193,186,196,265,238,297,278,225,225,196,206,214,101121
101130, Johan Petro,1610612743, DEN,23,49,20,29,0.408,11.4,110.5,2.4,0.245,0.332,0.4,0.202,0.3,0.313,4.2,3.2,4.2,10.5,0.005,302,274,238,296,348,400,213,33,32,293,181,195,121,116,107,178,132,405,101130
2422, John Salmons,1610612741, CHI,29,79,27,52,0.342,37.5,112.7,3.5,0.109,0.156,1.1,0.203,0.3,0.093,13.4,11,10.5,34.4,0.006,68,217,414,339,19,427,115,300,290,76,178,196,281,434,434,435,434,396,2422
200770, Jordan Farmar,1610612747, LAL,22,65,52,13,0.8,18.3,101.6,1.5,0.089,0.127,0.9,0.22,0.2,0.077,7.2,5.8,5.1,16.6,0.028,209,39,84,18,242,91,308,372,355,111,143,297,304,236,236,218,221,133,200770
101181, Jose Calderon,1610612761, TOR,27,68,28,40,0.412,34.3,109,2.6,0.089,0.123,1.1,0.236,0.1,0.03,10.6,9.7,8.3,30.2,0.02,185,208,332,293,63,354,178,374,369,66,119,337,397,357,402,370,407,203,101181
200767, Josh Boone,1610612751, NJN,24,62,21,41,0.339,16,108.3,2.5,0.19,0.269,0.4,0.163,0.8,0.533,5,4.6,3.8,11.5,0.011,232,268,346,342,273,329,201,100,87,310,277,77,33,149,183,162,153,336,200767
2572, Josh Howard,1610612742, DAL,29,52,33,19,0.635,32,103.7,3.9,0.137,0.183,1.1,0.229,0.6,0.157,9.6,8.5,8.6,25.2,0.04,284,161,141,111,96,157,97,215,222,73,126,118,210,315,345,382,331,61,2572
201177, Josh McRoberts,1610612754, IND,22,33,17,16,0.515,8.5,104.9,1.5,0.19,0.259,0.4,0.25,0.5,0.4,3,2.2,2.2,6.9,0.009,341,298,111,192,384,198,310,97,101,306,89,138,86,59,49,59,59,352,201177
2694, Josh Powell,1610612747, LAL,26,60,49,11,0.817,11.7,107.3,1.8,0.169,0.238,0.2,0.061,0.3,0.239,4.9,3.8,3.5,11.5,0.01,246,55,71,9,345,288,271,150,141,397,419,205,160,147,147,141,150,349,2694
2746, Josh Smith,1610612737, ATL,23,69,41,28,0.594,35.1,104.7,5.3,0.174,0.244,1.4,0.247,1.6,0.487,9.7,9.9,9.5,29.8,0.039,179,100,225,139,52,195,43,133,129,25,96,16,47,325,410,413,400,64,2746
2413, Juan Dixon,1610612764, WAS,30,50,10,40,0.2,16.3,109.3,1.2,0.083,0.116,0.7,0.282,0.1,0.073,6.8,4.5,4.3,13.3,0.009,296,366,332,421,269,365,353,398,396,164,47,326,310,223,176,184,182,355,2413
201153, Julian Wright,1610612740, NOH,22,54,30,24,0.556,14.3,100.3,2,0.156,0.214,0.6,0.287,0.4,0.264,4.1,4.1,2.8,10.3,0.024,272,194,183,166,293,69,248,168,178,183,41,178,145,109,161,87,127,172,201153
436, Juwan Howard,1610612766, CHA,36,42,19,23,0.452,11.2,108.4,1.1,0.133,0.186,0.2,0.108,0.1,0.214,4.8,3.2,2.7,8.8,0.007,320,282,172,253,352,335,366,230,215,387,389,305,168,144,102,84,93,383,436
2416, Kareem Rush,1610612755, PHI,28,25,11,14,0.44,8,110,0.6,0.09,0.126,0.2,0.208,0,0.053,2.9,2.2,3,8.4,0.004,370,354,91,261,390,381,416,364,357,373,166,405,351,56,51,97,84,411,2416
2586, Keith Bogans,1610612749, MIL,29,65,37,28,0.569,19.6,103.2,2.6,0.153,0.206,0.7,0.236,0.1,0.035,6.1,5,5.3,14.4,0.026,209,136,225,157,225,138,176,178,185,177,115,387,390,198,203,223,198,148,2586
101235, Kelenna Azubuike,1610612744, GSW,25,74,29,45,0.392,32.1,108.4,3.5,0.117,0.172,0.8,0.15,0.7,0.15,11.4,11.2,10.6,32.2,0.022,135,202,378,312,94,334,114,273,245,141,309,100,219,389,439,436,423,190,101235
2570, Kendrick Perkins,1610612738, BOS,24,76,57,19,0.75,29.6,99.9,5.5,0.21,0.276,0.3,0.067,2,0.568,10.8,6.5,7,23.3,0.051,117,19,141,39,131,65,39,70,83,342,415,7,27,365,256,299,308,24,2570
1903, Kenny Thomas,1610612758, SAC,31,8,1,7,0.125,7.7,109.5,1.4,0.224,0.324,0.8,0.429,0.1,0.2,2.3,2.1,3.6,7.3,0.004,418,432,46,440,396,370,328,45,37,147,4,323,179,36,48,146,66,408,1903
2030, Kenyon Martin,1610612743, DEN,31,66,42,24,0.636,32,103.3,4.8,0.171,0.237,1.5,0.241,1.1,0.301,10.3,8.7,7,25.6,0.041,202,92,183,109,97,144,57,141,143,21,105,42,129,347,356,298,337,58,2030
201142, Kevin Durant,1610612760, OKC,20,74,18,56,0.243,39,109.2,5.5,0.166,0.224,1.3,0.226,0.7,0.199,16,10.3,11.2,36.6,0.022,135,292,427,399,5,362,38,156,159,31,132,87,183,445,421,440,440,184,201142
708, Kevin Garnett,1610612738, BOS,33,57,44,13,0.772,31.1,95.7,7.1,0.255,0.333,1.1,0.202,1.2,0.352,11.1,7.1,6.4,22.4,0.07,256,84,84,34,111,14,13,23,31,62,182,35,104,376,288,275,297,4,708
201567, Kevin Love,1610612750, MIN,20,81,24,57,0.296,25.3,110,5.7,0.271,0.355,0.4,0.138,0.6,0.303,9.1,6.3,7.3,21.3,0.012,31,243,428,365,168,380,34,16,19,270,331,112,127,299,249,316,279,316,201567
2755, Kevin Martin,1610612758, SAC,26,51,12,39,0.235,38.2,114.4,3,0.093,0.133,1.2,0.223,0.2,0.051,14.9,10.8,12.6,38.3,-0.002,289,349,324,402,10,435,141,355,340,49,137,295,357,443,433,442,443,437,2755
1563, Kevin Ollie,1610612750, MIN,36,50,10,40,0.2,17,109.6,1.2,0.093,0.118,0.4,0.183,0.1,0.061,5.7,3.7,4.5,12.8,0.009,296,366,332,421,259,376,343,353,389,297,224,367,335,182,142,202,175,365,1563
2039, Keyon Dooling,1610612751, NJN,29,77,32,45,0.416,26.9,110.1,1.7,0.079,0.109,0.9,0.256,0.1,0.041,9.6,7.3,7.1,21,0.012,102,171,378,284,153,385,276,408,409,105,79,335,379,317,293,302,278,312,2039
2550, Kirk Hinrich,1610612741, CHI,28,51,28,23,0.549,26.2,102,2.1,0.088,0.121,1.3,0.311,0.4,0.151,8.6,7.7,5.7,20.2,0.038,289,208,172,169,159,103,231,376,373,32,28,170,218,283,310,244,269,67,2550
977, Kobe Bryant,1610612747, LAL,30,82,65,17,0.793,36.1,102.3,4.1,0.127,0.172,1.5,0.24,0.5,0.117,10.5,9.6,8.2,31.1,0.051,1,3,122,25,42,111,86,240,249,20,107,150,252,352,398,369,412,23,977
201585, Kosta Koufos,1610612762, UTA,20,48,27,21,0.563,11.8,101.9,1.8,0.177,0.248,0.3,0.121,0.6,0.449,4.1,3.6,3.5,9,0.017,305,217,155,162,343,99,255,126,122,355,368,105,65,103,139,133,98,254,201585
2743, Kris Humphries,1610612761, TOR,24,29,11,18,0.379,9.1,105,1.6,0.205,0.289,0.3,0.182,0.2,0.333,2.5,2.9,2.4,7.6,0.01,356,354,131,320,378,203,291,77,63,346,225,252,108,44,87,71,69,346,2743
703, Kurt Thomas,1610612759, SAS,36,79,52,27,0.658,17.8,99.6,3.4,0.226,0.287,0.4,0.189,0.7,0.464,4.5,3.6,4.3,12.6,0.031,68,39,211,93,251,53,120,44,67,272,207,84,58,131,138,188,174,106,703
2198, Kwame Brown,1610612765, DET,27,58,29,29,0.5,17.2,102.8,3.4,0.25,0.328,0.4,0.203,0.4,0.312,4.1,4.2,3.5,13.6,0.023,254,202,238,204,256,127,119,29,33,284,175,165,123,108,167,135,187,176,2198
2594, Kyle Korver,1610612762, UTA,28,78,46,32,0.59,24,102.6,2.9,0.139,0.192,0.6,0.152,0.4,0.154,8.4,6.9,5.7,19.3,0.033,89,69,273,142,187,121,161,210,204,198,307,169,216,276,274,243,256,90,2594
200768, Kyle Lowry,1610612745, HOU,23,77,32,45,0.416,21.8,104.3,2.1,0.12,0.163,0.9,0.246,0.2,0.094,7.4,5.3,5.3,18.1,0.026,102,171,378,284,208,176,226,264,267,108,98,241,276,240,218,226,237,146,200768
201602, Kyle Weaver,1610612760, OKC,23,56,17,39,0.304,20.8,104.5,1.8,0.098,0.131,0.8,0.251,0.4,0.229,8.8,5.5,6.4,19,0.024,260,298,324,360,215,191,270,337,343,124,87,153,163,291,226,276,252,164,201602
201178, Kyrylo Fesenko,1610612762, UTA,22,21,11,10,0.524,7.4,103.2,1.1,0.17,0.253,0.3,0.194,0.7,0.556,1.8,2.5,1.7,5.6,0.01,381,354,61,186,400,135,366,147,112,319,196,88,30,23,63,39,43,347,201178
200746, LaMarcus Aldridge,1610612757, POR,23,81,54,27,0.667,37.1,104.3,4.6,0.157,0.208,1,0.185,1,0.252,10,9.2,8,29.2,0.043,31,25,211,71,24,175,62,167,182,99,220,60,152,333,377,357,394,41,200746
1885, Lamar Odom,1610612747, LAL,29,78,61,17,0.782,29.7,98.5,5.9,0.221,0.299,1,0.175,1.3,0.408,8.1,7.8,6,23.4,0.056,89,10,122,31,130,39,33,51,55,93,248,30,83,268,315,260,310,17,1885
1716, Larry Hughes,1610612752, NYK,30,55,22,33,0.4,26.9,108.3,2.6,0.114,0.161,1.3,0.299,0.3,0.119,8.4,8.3,7.1,26.3,0.018,265,259,283,304,154,330,182,287,272,30,33,220,249,273,337,308,347,228,1716
2544, LeBron James,1610612739, CLE,24,81,66,15,0.815,37.7,97.7,6.3,0.189,0.253,1.7,0.274,1.1,0.264,10.4,9.2,9.3,29,0.076,31,1,101,10,14,31,23,105,111,8,56,40,144,349,376,408,392,1,2544
2571, Leandro Barbosa,1610612756, PHX,26,70,39,31,0.557,24.4,108.6,2.1,0.1,0.141,1.2,0.296,0.1,0.04,9.4,7.7,6.5,20.1,0.016,170,122,259,165,183,339,229,327,317,53,35,340,381,309,309,277,265,261,2571
200796, Leon Powe,1610612738, BOS,25,70,52,18,0.743,17.5,97.7,2.9,0.199,0.259,0.3,0.122,0.5,0.373,6.2,3.8,3.6,12.1,0.035,170,39,131,44,253,32,162,85,102,315,367,122,97,200,148,145,167,83,200796
101132, Linas Kleiza,1610612743, DEN,24,82,54,28,0.659,22.2,104.2,2.9,0.14,0.198,0.4,0.107,0.2,0.06,8.7,7.4,5.7,18.5,0.027,1,25,225,90,205,170,157,205,194,300,392,275,338,290,298,246,246,141,101132
283, Lindsey Hunter,1610612741, CHI,38,28,14,14,0.5,9.5,105.6,0.4,0.049,0.073,0.7,0.4,0,0.04,3.3,2.9,2.2,6.9,0.009,361,335,91,204,375,230,431,439,438,158,7,409,382,66,89,62,57,354,283
2669, Linton Johnson,1610612741, CHI,29,10,5,5,0.5,5.5,109.4,0.5,0.119,0.179,0.1,0.111,0,0,2.3,1.7,1.9,3.6,0.003,410,404,34,204,421,368,422,269,232,411,382,420,420,39,32,45,19,416,2669
953, Lorenzen Wright,1610612739, CLE,33,17,13,4,0.765,7.3,99.1,1.1,0.161,0.22,0.2,0.167,0.3,0.385,3.5,2.1,2.3,5.6,0.013,395,343,28,35,402,45,372,165,166,363,268,201,89,80,46,63,44,297,953
200811, Lou Amundson,1610612756, PHX,26,76,41,35,0.539,13.7,105.6,1.9,0.155,0.222,0.4,0.182,0.9,0.474,5.6,4.5,3.6,11.3,0.014,117,100,298,175,306,229,251,174,165,278,225,69,52,175,181,144,142,282,200811
101150, Lou Williams,1610612755, PHI,22,81,41,40,0.506,23.7,107.7,1.6,0.083,0.121,1,0.265,0.2,0.074,8.4,7.1,5.9,20.5,0.018,31,100,332,201,193,306,290,397,375,78,67,272,308,275,289,254,274,234,101150
201601, Luc Mbah a Moute,1610612749, MIL,22,82,34,48,0.415,25.8,102.8,3.6,0.176,0.238,1.1,0.249,0.5,0.283,8.9,6.4,5.8,18.4,0.035,1,150,396,286,165,124,107,129,140,71,93,121,136,293,253,252,241,81,201601
2449, Luis Scola,1610612745, HOU,29,82,53,29,0.646,30.3,101.4,6.3,0.233,0.31,0.8,0.197,0.1,0.048,9.9,7.8,7.5,25.2,0.047,1,35,238,105,119,86,22,40,45,130,192,315,361,331,317,326,335,32,2449
2557, Luke Ridnour,1610612749, MIL,28,72,29,43,0.403,28.2,104.4,2.6,0.115,0.153,1.3,0.278,0.2,0.103,9.4,7,6.8,20.6,0.032,152,202,366,301,139,182,188,282,294,34,53,238,264,312,280,291,275,97,2557
2575, Luke Walton,1610612747, LAL,29,65,54,11,0.831,17.9,100.8,1.9,0.116,0.157,0.5,0.168,0.2,0.085,5.5,4.9,3.9,15,0.029,209,25,71,7,248,76,250,275,288,247,263,297,290,169,195,166,205,126,2575
2736, Luol Deng,1610612741, CHI,24,49,23,26,0.469,34,104.5,4.4,0.145,0.203,1.2,0.23,0.5,0.126,12.3,10.7,8,29.7,0.039,302,251,202,244,70,189,73,192,190,44,124,128,239,418,432,355,398,63,2736
101129, Luther Head,1610612748, MIA,26,32,17,15,0.531,15.5,109.5,1.4,0.115,0.163,0.5,0.21,0.1,0.065,5.2,3.8,4.4,13.8,0.008,346,298,101,180,279,371,318,279,266,229,162,383,327,161,151,192,189,372,101129
1766, Maceo Baston,1610612754, IND,33,27,13,14,0.481,8,101.2,1.1,0.142,0.205,0.2,0.158,0.4,0.313,2.7,2.5,1.6,5.2,0.013,363,343,91,234,387,85,361,202,187,366,292,172,121,52,67,37,37,305,1766
2124, Malik Allen,1610612749, MIL,31,49,18,31,0.367,11.8,101.7,1.4,0.141,0.194,0.1,0.092,0.2,0.279,3,3.7,3.1,8,0.018,302,292,259,328,341,95,326,203,200,398,404,229,138,58,140,106,74,241,2124
201612, Malik Hairston,1610612759, SAS,22,15,10,5,0.667,10.3,97.2,1.1,0.121,0.162,0.4,0.286,0.5,0.318,2.4,2.3,1.4,6.5,0.021,398,366,34,71,365,26,355,256,270,289,42,145,119,40,55,26,54,194,201612
990, Malik Rose,1610612760, OKC,34,38,15,23,0.395,12.4,103.3,2.1,0.185,0.258,0.3,0.13,0.1,0.12,4.5,3.4,3.8,9.7,0.016,332,325,172,308,331,143,235,112,104,351,351,369,248,130,124,159,115,265,990
1938, Manu Ginobili,1610612759, SAS,31,44,32,12,0.727,26.8,104.2,4,0.176,0.226,1.5,0.4,0.4,0.148,8.1,6,7.1,22,0.033,315,171,76,49,156,170,93,127,157,21,7,175,221,265,242,304,290,91,1938
201188, Marc Gasol,1610612763, MEM,24,82,24,58,0.293,30.7,108.9,4.9,0.207,0.281,0.8,0.162,1.1,0.383,10.3,7.9,8,27.6,0.019,1,243,430,367,113,349,54,75,77,142,282,44,90,346,320,360,364,222,201188
101162, Marcin Gortat,1610612753, ORL,25,63,46,17,0.73,12.6,99.8,3,0.261,0.343,0.3,0.168,0.8,0.624,3.8,3.3,3,9.3,0.022,222,69,122,48,324,62,142,19,26,343,261,70,14,94,113,98,106,186,101162
201158, Marco Belinelli,1610612744, GSW,23,42,13,29,0.31,21,108.7,1.5,0.075,0.11,0.9,0.214,0,0.009,8.2,7.3,7.9,21.4,0.013,320,343,238,358,213,342,313,416,406,120,153,417,418,269,294,349,281,293,201158
2556, Marcus Banks,1610612761, TOR,27,22,8,14,0.364,9.4,110.5,0.8,0.101,0.156,0.5,0.379,0.1,0.118,3.4,3.6,2,7.3,0.004,379,380,91,329,377,399,401,323,292,242,9,358,250,78,132,50,67,413,2556
948, Marcus Camby,1610612746, LAC,35,62,16,46,0.258,31.1,104.4,8.5,0.32,0.436,0.8,0.18,2.1,0.471,10.1,8.3,7.8,25,0.036,232,315,383,390,112,186,4,6,5,131,233,4,55,339,338,340,328,76,948
200766, Marcus Williams,1610612744, GSW,23,9,2,7,0.222,5.9,102.2,0.4,0.073,0.129,0.1,0.143,0.1,0.083,2.1,2.8,1.2,4.7,0.009,416,421,46,414,415,106,426,421,349,408,319,329,294,29,79,21,34,364,200766
201173, Marcus Williams,1610612759, SAS,22,2,1,1,0.5,1.7,189,0,0,0,0,0,0,0,1.5,0,1.5,1,-0.017,438,432,3,204,444,445,441,441,441,428,428,420,420,16,1,31,4,443,201173
200776, Mardy Collins,1610612746, LAC,24,48,14,34,0.292,18.5,105.4,1.6,0.099,0.136,0.6,0.238,0.2,0.093,6.4,5.6,4.8,18.5,0.02,305,335,289,373,237,220,292,331,327,184,109,248,279,209,230,209,245,212,200776
201596, Mario Chalmers,1610612748, MIA,23,82,43,39,0.524,32,104.3,2.3,0.089,0.121,2,0.342,0.1,0.028,10.2,7.8,7.9,25.7,0.038,1,89,324,185,95,177,215,369,377,4,17,350,400,342,312,352,339,72,201596
201238, Mario West,1610612737, ATL,25,53,33,20,0.623,5.1,102.8,0.6,0.136,0.199,0.3,0.36,0.1,0.222,1.7,1.7,1.5,4.5,0.007,276,161,144,119,423,125,415,222,193,317,13,373,166,22,30,29,32,381,201238
1548, Mark Blount,1610612748, MIA,33,20,8,12,0.4,10.4,103.2,1.6,0.168,0.246,0.1,0.038,0.4,0.368,2.8,3.6,2.1,7.2,0.014,383,380,76,304,363,139,298,155,126,426,427,179,98,53,133,55,65,290,1548
2058, Mark Madsen,1610612750, MIN,33,19,3,16,0.158,6.1,99.8,0.4,0.077,0.1,0.1,0.045,0.1,0.1,1.9,1.5,1.8,3.9,0.011,385,416,111,437,412,61,428,413,421,424,426,398,271,24,27,43,24,334,2058
2060, Marko Jaric,1610612763, MEM,30,53,14,39,0.264,11.4,95.7,0.8,0.084,0.114,0.5,0.296,0.2,0.141,3.3,2.7,2.3,8.1,0.025,276,335,324,386,347,15,398,395,400,222,37,250,228,74,75,64,80,154,2060
2605, Marquis Daniels,1610612754, IND,28,54,22,32,0.407,31.5,105.3,3.1,0.111,0.147,1.1,0.237,0.5,0.141,11.5,8,7.8,24.7,0.033,272,259,273,297,104,215,136,295,303,56,113,140,229,398,324,345,324,89,2605
201578, Marreese Speights,1610612755, PHI,21,79,41,38,0.519,16,109.4,2.2,0.168,0.251,0.3,0.132,0.7,0.452,5.7,5.2,4,13.9,0.009,68,100,317,189,274,367,224,152,115,316,345,91,63,183,214,170,191,362,201578
101110, Martell Webster,1610612757, POR,22,1,1,0,1,5.3,144.7,0,0,0,0,0,0,0,5,0,2,10,-0.025,444,432,1,1,422,443,441,441,441,428,428,420,420,150,1,50,119,445,101110
101107, Marvin Williams,1610612737, ATL,23,61,33,28,0.541,34.3,106.1,4.5,0.153,0.213,0.9,0.18,0.6,0.181,9.7,9.4,9,30.1,0.033,240,161,225,172,61,247,69,182,180,101,232,109,192,324,389,397,405,92,101107
2440, Matt Barnes,1610612756, PHX,29,77,42,35,0.545,27,110.2,4.4,0.185,0.258,0.7,0.174,0.3,0.121,9.8,8.6,7.2,22.6,0.012,102,92,298,171,151,389,70,111,105,168,251,182,247,326,352,310,299,313,2440
2588, Matt Bonner,1610612759, SAS,29,81,54,27,0.667,23.8,101,3.6,0.173,0.224,0.6,0.213,0.3,0.161,6,5.3,5.7,18.2,0.037,31,25,211,71,192,79,109,135,162,210,156,189,204,196,217,240,239,73,2588
2679, Matt Carroll,1610612742, DAL,28,55,24,31,0.436,11.2,104.5,1.1,0.121,0.161,0.4,0.25,0.1,0.082,4.4,2.8,3.5,8.7,0.012,265,243,259,267,353,192,359,257,271,296,89,332,300,125,81,131,91,308,2679
1723, Matt Harpring,1610612762, UTA,33,63,36,27,0.571,11,99.7,1.2,0.137,0.179,0.5,0.25,0.1,0.161,3.3,2.5,2,8,0.018,222,140,211,153,357,59,347,216,230,258,89,305,206,69,66,54,74,226,1723
200772, Maurice Ager,1610612751, NJN,25,20,7,13,0.35,4.9,97.4,0.4,0.083,0.121,0.1,0.071,0.1,0.2,2,1.5,1.4,3.3,0.01,383,388,84,337,425,28,432,396,376,426,414,340,179,25,25,26,17,343,200772
2230, Maurice Evans,1610612737, ATL,30,80,45,35,0.563,23,105.7,1.9,0.097,0.138,0.6,0.184,0.1,0.058,6.9,6.7,5.8,20.1,0.023,54,75,298,162,197,234,249,342,322,193,223,323,341,231,267,251,264,174,2230
2246, Mehmet Okur,1610612762, UTA,30,72,44,28,0.611,33.5,106.8,6,0.213,0.292,0.8,0.131,0.7,0.251,11.3,9.4,9.7,31.8,0.029,152,84,225,125,80,265,27,65,60,147,348,83,153,385,387,418,418,120,2246
2408, Melvin Ely,1610612740, NOH,31,31,16,15,0.516,12,101.6,1.1,0.107,0.145,0.1,0.051,0.3,0.36,3.5,3.5,2.8,9,0.018,349,315,101,191,336,90,364,304,308,421,424,204,101,84,128,88,101,229,2408
1897, Metta World Peace,1610612745, HOU,29,69,47,22,0.681,35.5,99.7,4.3,0.134,0.177,1.5,0.298,0.3,0.11,11.1,8.6,8.4,27.2,0.061,179,65,163,66,49,60,79,225,235,17,34,181,257,378,351,376,360,11,1897
201563, Michael Beasley,1610612748, MIA,20,81,43,38,0.531,24.8,105.6,4.1,0.195,0.276,0.5,0.124,0.5,0.18,7.5,7.1,5.5,19.7,0.025,31,89,317,181,173,225,87,92,81,241,360,147,193,245,286,233,262,153,201563
714, Michael Finley,1610612759, SAS,36,81,54,27,0.667,28.8,104.9,3,0.123,0.156,0.5,0.15,0.2,0.094,7.3,6.1,7.4,22.7,0.032,31,25,211,71,135,199,144,252,289,261,308,247,276,238,247,320,300,102,714
2072, Michael Redd,1610612749, MIL,29,33,17,16,0.515,36.5,105.4,2.5,0.087,0.119,1.1,0.179,0.1,0.022,11.8,10.1,8.2,27.8,0.038,341,298,111,192,36,219,195,383,386,72,235,388,407,407,414,366,368,70,2072
1913, Michael Ruffin,1610612757, POR,32,11,9,2,0.818,3.2,109.3,0.5,0.152,0.25,0.3,0.375,0.1,0.333,1.4,0.9,0.8,3.1,0.002,408,374,13,8,436,366,425,184,116,348,10,358,108,12,13,8,15,425,1913
2554, Mickael Pietrus,1610612753, ORL,27,54,38,16,0.704,24.6,99.6,2.4,0.114,0.146,0.6,0.153,0.4,0.156,7.8,5.8,5.7,18.9,0.043,272,131,111,56,179,54,204,285,304,216,305,154,214,255,234,247,251,45,2554
1710, Mike Bibby,1610612737, ATL,31,79,47,32,0.595,34.7,106.7,3,0.104,0.144,1.2,0.236,0.1,0.044,10.1,9.5,9.8,30.1,0.031,68,65,273,137,56,264,140,310,310,38,117,309,373,340,394,419,403,109,1710
201144, Mike Conley,1610612763, MEM,21,82,24,58,0.293,30.6,107.2,3.1,0.121,0.164,1.1,0.245,0.1,0.034,10.2,8.5,8.1,27.1,0.025,1,243,430,367,114,283,138,259,260,64,99,350,392,341,348,363,359,156,201144
2399, Mike Dunleavy,1610612754, IND,28,18,8,10,0.444,27.5,108.9,3,0.125,0.162,0.7,0.203,0.5,0.214,10.1,6.5,8.1,22.1,0.017,390,380,61,258,147,350,145,247,269,171,175,130,168,336,258,361,293,246,2399
2229, Mike James,1610612764, WAS,34,61,17,44,0.279,27,111.3,1.8,0.081,0.112,0.7,0.172,0.1,0.043,9.2,6.9,7.5,22.8,0.008,240,298,374,381,152,413,269,402,403,155,256,349,375,301,273,327,301,371,2229
2034, Mike Miller,1610612750, MIN,29,73,22,51,0.301,32.3,110.4,5.6,0.212,0.277,0.4,0.112,0.4,0.174,11.3,7.8,8.9,27.3,0.014,148,259,411,362,90,393,36,68,80,285,380,160,195,384,314,393,361,288,2034
201446, Mike Taylor,1610612746, LAC,23,51,13,38,0.255,15.1,107.7,1.3,0.097,0.135,0.7,0.346,0,0,5.3,4.7,3.4,14.3,0.011,289,343,317,392,285,303,338,341,332,161,15,420,420,165,189,125,195,325,201446
1630, Mikki Moore,1610612738, BOS,33,70,26,44,0.371,17.2,106.6,2.6,0.176,0.246,0.2,0.11,0.3,0.224,6.7,4.6,4.5,13.8,0.016,170,225,374,325,257,257,182,131,125,360,386,210,165,220,186,193,190,264,1630
2590, Mo Williams,1610612739, CLE,26,81,66,15,0.815,35,99.1,2.9,0.095,0.126,0.9,0.165,0.1,0.028,9.8,8.7,9.1,27,0.063,31,1,101,10,53,48,159,349,358,123,275,329,398,327,360,401,357,10,2590
101145, Monta Ellis,1610612744, GSW,23,25,12,13,0.48,35.7,111.7,3.8,0.115,0.163,1.6,0.265,0.3,0.074,14.2,11.6,15.5,36.7,0.01,370,349,84,236,46,414,104,280,264,14,66,190,309,439,441,445,441,348,101145
201165, Morris Almond,1610612762, UTA,24,25,16,9,0.64,10.2,98.9,1.1,0.111,0.148,0.2,0.087,0.2,0.143,4.6,2.7,3.3,7.5,0.018,370,315,56,107,367,44,370,297,301,393,408,290,224,136,76,124,68,224,201165
2050, Morris Peterson,1610612740, NOH,31,43,25,18,0.581,12,103.9,1.7,0.172,0.226,0.3,0.19,0,0.063,4.1,2.7,2.3,8.4,0.015,318,232,131,147,337,163,282,138,156,313,203,402,332,105,73,65,86,278,2050
200754, Mouhamed Sene,1610612752, NYK,23,6,1,5,0.167,4.7,100.8,1.5,0.281,0.391,0.2,0.167,0.5,0.6,2.5,1.5,0.7,3.3,0.008,422,432,34,434,426,77,302,10,8,387,268,130,17,45,25,6,18,374,200754
101126, Nate Robinson,1610612752, NYK,25,74,28,46,0.378,29.8,107.7,2.6,0.098,0.136,1.3,0.273,0.1,0.049,9.6,8.6,7,27.1,0.023,135,208,383,322,125,301,186,336,331,33,58,366,358,318,353,301,358,180,101126
201605, Nathan Jawai,1610612761, TOR,22,6,2,4,0.333,3.1,112.7,0.2,0.059,0.1,0,0,0,0,1.3,1.7,1.2,2.7,0,422,421,28,343,437,426,438,434,421,428,428,420,420,9,31,19,9,430,201605
1737, Nazr Mohammed,1610612766, CHA,31,39,15,24,0.385,8.7,108,1.1,0.173,0.234,0.1,0.119,0.4,0.593,3,2.6,1.9,6.2,0.006,326,325,183,316,381,316,358,137,147,402,370,166,19,57,72,47,52,391,1737
2420, Nenad Krstic,1610612760, OKC,25,46,17,29,0.37,24.8,105.9,3.7,0.17,0.23,0.5,0.118,1.1,0.419,9.7,6.8,7.4,22.9,0.024,309,298,238,327,172,240,106,148,152,262,372,47,77,319,271,323,303,167,2420
2403, Nene,1610612743, DEN,26,77,51,26,0.662,32.6,103.2,5.4,0.191,0.258,1.2,0.202,1.3,0.363,11.1,8.5,7.2,26,0.042,102,51,202,89,87,136,40,96,103,41,183,27,100,377,343,309,342,51,2403
2555, Nick Collison,1610612760, OKC,28,71,18,53,0.254,25.8,106.2,4.3,0.197,0.262,0.7,0.175,0.7,0.309,10.1,6.4,7.2,23.2,0.024,160,292,419,393,164,249,76,89,98,156,250,92,124,338,254,311,306,161,2555
201156, Nick Young,1610612764, WAS,24,82,19,63,0.232,22.4,107.6,1.5,0.078,0.109,0.5,0.13,0.2,0.108,8.1,5.6,6.1,17.7,0.017,1,282,444,405,204,298,314,410,407,253,350,230,259,263,229,262,235,251,201156
201587, Nicolas Batum,1610612757, POR,20,79,52,27,0.658,18.4,104.4,1.7,0.121,0.158,0.6,0.228,0.5,0.263,4.9,4.4,3.9,15,0.022,68,39,211,93,241,181,273,262,284,192,128,129,146,148,174,164,204,189,201587
201564, O.J. Mayo,1610612763, MEM,21,82,24,58,0.293,38.1,108.6,3.1,0.101,0.138,1.1,0.186,0.2,0.042,13,10.5,10,34.8,0.025,1,243,430,367,12,338,137,322,323,60,216,294,378,430,427,426,436,155,201564
200762, Oleksiy Pecherov,1610612764, WAS,23,32,3,29,0.094,8.7,118,1.3,0.197,0.283,0.2,0.12,0.1,0.125,4.2,2.2,3.2,8.6,-0.004,346,416,238,441,383,439,337,88,75,381,369,357,241,113,52,113,90,439,200762
201629, Othello Hunter,1610612737, ATL,23,16,7,9,0.438,5.7,93.2,0.9,0.19,0.242,0.1,0.143,0.3,0.455,1.6,0.8,1.1,4.3,0.014,396,388,56,266,418,8,389,103,133,403,319,192,62,19,11,16,29,280,201629
200753, Patrick O'Bryant,1610612761, TOR,23,39,27,12,0.692,6.5,97.7,1.4,0.217,0.288,0.2,0.122,0.5,0.559,2.7,1.8,2.1,4.9,0.013,326,217,76,61,407,34,332,56,66,396,365,137,29,49,38,57,36,299,200753
2200, Pau Gasol,1610612747, LAL,28,81,64,17,0.79,37,103,6.4,0.194,0.267,0.6,0.101,1,0.27,11.2,10.2,9,32.8,0.049,31,7,122,29,26,131,20,93,92,186,395,54,140,382,419,396,429,29,2200
200781, Paul Davis,1610612746, LAC,24,27,7,20,0.259,11.8,103.2,1.4,0.147,0.214,0.4,0.185,0.1,0.091,3.7,3.4,3.1,11.6,0.016,363,388,144,389,338,137,316,187,175,303,219,329,284,89,123,105,155,269,200781
200794, Paul Millsap,1610612762, UTA,24,76,44,32,0.579,30.1,102.8,5.3,0.208,0.285,1,0.187,1,0.323,10.4,8.1,7.8,26.5,0.041,117,84,273,149,120,129,42,73,71,82,213,58,117,350,329,343,350,59,200794
1718, Paul Pierce,1610612738, BOS,31,81,61,20,0.753,37.5,99.5,5,0.154,0.201,1,0.177,0.3,0.091,13.1,7.9,8.3,28.5,0.066,31,10,144,37,18,50,53,176,192,90,241,184,284,431,318,373,385,9,1718
978, Peja Stojakovic,1610612740, NOH,32,61,35,26,0.574,34.2,106.2,3.6,0.128,0.171,0.9,0.166,0,0.017,9.4,8.4,8.5,27.3,0.033,240,147,202,151,64,250,108,238,250,122,274,401,413,311,341,378,362,96,978
200822, Pops Mensah-Bonsu,1610612761, TOR,25,22,10,12,0.455,12.8,101.2,2.6,0.234,0.293,0.4,0.237,0.2,0.357,5.1,2.3,3.1,10.2,0.021,379,366,76,249,321,83,175,39,58,287,112,237,102,158,54,107,124,201,200822
2047, Quentin Richardson,1610612752, NYK,29,72,29,43,0.403,26.3,109,3.4,0.144,0.203,0.7,0.167,0.1,0.082,9.3,8.1,6.6,24.1,0.016,152,202,366,301,158,353,117,194,189,182,265,352,299,306,331,281,318,262,2047
200763, Quincy Douby,1610612761, TOR,25,27,5,22,0.185,11.1,109.5,1,0.097,0.133,0.2,0.122,0.2,0.152,4.7,3.3,2.9,9.3,0.006,363,404,163,430,354,372,386,344,337,382,366,266,217,139,110,93,107,395,200763
2624, Quinton Ross,1610612763, MEM,28,68,20,48,0.294,17.1,102.1,1.4,0.101,0.136,0.5,0.182,0.2,0.131,5.7,4.5,3.7,13.4,0.025,185,274,396,366,258,104,320,325,330,256,225,253,234,180,177,155,183,158,2624
1747, Rafer Alston,1610612753, ORL,32,77,48,29,0.623,31.8,101.7,2.5,0.087,0.116,1.4,0.3,0.1,0.043,10,7.9,8.5,25.8,0.047,102,62,238,118,101,93,194,381,395,23,32,319,376,334,321,379,340,30,1747
1952, Raja Bell,1610612766, CHA,32,67,36,31,0.537,34.6,104,3,0.102,0.137,0.7,0.154,0.1,0.033,12.5,9.3,7.7,26.5,0.043,192,140,259,176,58,165,143,318,325,151,301,327,394,423,384,336,351,46,1952
200765, Rajon Rondo,1610612738, BOS,23,80,62,18,0.775,33,99.7,4,0.139,0.182,1.9,0.364,0.1,0.039,11.5,7.2,7.3,25.5,0.058,54,9,131,33,84,56,94,206,225,5,12,312,386,390,290,315,336,13,200765
201196, Ramon Sessions,1610612749, MIL,23,79,32,47,0.405,27.5,105.7,2.6,0.116,0.157,1.1,0.259,0.1,0.041,9.9,7.6,7,21.5,0.028,68,171,389,299,146,232,185,277,287,76,72,361,380,330,304,299,285,134,201196
201043, Randolph Morris,1610612737, ATL,23,23,11,12,0.478,3.8,105.7,0.7,0.222,0.302,0.1,0.143,0,0.125,1.5,1.1,1.2,2.8,0.004,376,354,76,239,432,235,405,48,52,415,319,404,241,15,20,20,12,409,201043
200751, Randy Foye,1610612750, MIN,25,70,19,51,0.271,35.6,110.3,2.6,0.088,0.119,1,0.225,0.4,0.123,11.8,9.3,9.3,30.1,0.015,170,282,411,384,48,391,187,379,385,81,133,171,246,405,382,409,406,270,200751
101119, Rashad McCants,1610612758, SAC,24,58,10,48,0.172,19,108.2,1.5,0.098,0.137,0.8,0.257,0.2,0.141,6.5,4.9,5.6,14.9,0.013,254,366,396,433,234,324,300,339,326,133,76,232,227,213,196,235,203,300,101119
1740, Rashard Lewis,1610612753, ORL,29,79,58,21,0.734,36.2,98.8,4.6,0.139,0.183,1,0.185,0.6,0.159,11.5,9.5,8.4,26.9,0.068,68,17,155,47,39,41,63,209,221,83,217,106,208,394,395,374,355,5,1740
739, Rasheed Wallace,1610612765, DET,34,66,32,34,0.485,32.2,104.4,6.6,0.239,0.323,0.9,0.229,1.3,0.443,8.1,7.9,6.1,23.7,0.037,202,171,289,233,92,185,18,36,38,100,127,28,69,262,319,265,313,74,739
1725, Rasho Nesterovic,1610612754, IND,33,70,30,40,0.429,17.4,106.5,2.1,0.133,0.178,0.4,0.188,0.5,0.286,6.6,4.8,4.5,12.6,0.016,170,194,332,272,254,254,229,229,233,274,209,122,135,218,190,195,171,268,1725
2446, Rasual Butler,1610612740, NOH,30,82,49,33,0.598,31.9,105.4,2.7,0.101,0.136,0.6,0.133,0.7,0.261,8.9,8.3,7.7,24.5,0.034,1,55,283,136,99,218,169,320,329,194,342,82,148,294,339,334,322,87,2446
951, Ray Allen,1610612738, BOS,33,79,59,20,0.747,36.4,98.9,2.7,0.084,0.111,0.9,0.156,0.2,0.044,13.4,8.2,8.2,27.6,0.067,68,15,144,43,37,43,173,393,405,113,297,285,374,434,333,367,363,7,951
101109, Raymond Felton,1610612766, CHA,25,82,35,47,0.427,37.6,102.7,3.1,0.101,0.138,1.5,0.279,0.4,0.093,12.6,10.2,8,29.5,0.051,1,147,389,273,16,123,134,321,321,16,51,174,280,424,420,359,395,22,101109
2501, Reggie Evans,1610612755, PHI,29,79,39,40,0.494,14.4,107.1,2.9,0.249,0.36,0.5,0.218,0.1,0.081,5.3,4.3,3.5,12.1,0.012,68,122,332,228,292,278,160,30,16,234,147,339,302,163,168,132,163,318,2501
200764, Renaldo Balkman,1610612743, DEN,24,53,38,15,0.717,14.7,101.7,2.2,0.172,0.247,0.9,0.28,0.4,0.247,5.9,4.8,4.1,11.8,0.022,276,131,101,54,286,97,221,140,123,109,50,157,158,191,191,176,158,185,200764
1888, Richard Hamilton,1610612765, DET,31,67,32,35,0.478,34,105.5,2.4,0.084,0.114,0.6,0.14,0.1,0.02,9.3,8.7,7.4,26.7,0.035,192,171,298,240,67,223,206,392,399,199,327,390,408,305,358,322,353,79,1888
2210, Richard Jefferson,1610612749, MIL,29,82,34,48,0.415,35.8,105.1,3.9,0.131,0.177,0.8,0.146,0.2,0.063,12.4,9.9,8.9,27.7,0.039,1,150,396,286,43,207,101,233,236,134,314,275,331,421,409,394,365,65,2210
1729, Ricky Davis,1610612746, LAC,29,36,9,27,0.25,21.8,111.2,1.4,0.077,0.114,0.5,0.162,0.1,0.057,7.5,7.6,6.2,21.5,0.007,337,374,211,394,207,409,322,412,401,230,281,311,343,241,306,269,284,382,1729
201633, Rob Kurz,1610612744, GSW,24,40,10,30,0.25,11,111,1.2,0.117,0.172,0.4,0.215,0.5,0.297,3.8,3.6,3.7,10.8,0.004,324,366,253,394,356,407,349,274,247,312,151,143,131,91,136,151,136,412,201633
2741, Robert Swift,1610612760, OKC,23,26,6,20,0.231,13.2,109,2.6,0.221,0.311,0.2,0.116,0.7,0.486,4.4,4.3,3.5,13.5,0.008,367,396,144,406,315,355,179,53,43,379,374,104,48,126,173,135,186,376,2741
201577, Robin Lopez,1610612756, PHX,21,60,32,28,0.533,10.2,107.7,1.1,0.123,0.172,0.2,0.112,0.7,0.519,4.1,3.3,3.3,9,0.008,246,171,225,177,366,302,363,251,248,383,381,97,37,110,112,119,98,378,201577
200760, Rodney Carney,1610612750, MIN,25,67,19,48,0.284,17.9,106.9,1.3,0.089,0.118,0.7,0.249,0.4,0.319,5.8,4.6,4.5,14.3,0.015,192,282,396,376,250,268,334,370,390,170,95,158,118,185,185,198,194,273,200760
201155, Rodney Stuckey,1610612765, DET,23,79,36,43,0.456,31.9,105.7,2.6,0.099,0.133,1,0.257,0.1,0.047,8.7,7.8,6.8,24.1,0.032,68,140,366,248,100,236,181,333,339,92,75,309,367,286,316,292,317,103,201155
2427, Roger Mason Jr.,1610612759, SAS,28,82,54,28,0.659,30.4,102.3,2.9,0.111,0.143,0.5,0.135,0.1,0.058,8.8,7.1,7.7,24,0.043,1,25,225,90,117,110,157,293,313,249,336,303,342,292,285,337,316,43,2427
101146, Roko Ukic,1610612761, TOR,24,72,31,41,0.431,12.4,103.6,0.7,0.06,0.08,0.4,0.263,0,0.022,4.3,3.4,3.1,10.1,0.016,152,185,346,271,329,153,409,433,435,282,69,414,406,118,117,104,123,263,101146
200758, Ronnie Brewer,1610612762, UTA,24,81,48,33,0.593,32.2,106.7,2.5,0.093,0.128,1.7,0.281,0.4,0.136,11.4,9,9.8,30.8,0.028,31,62,283,140,91,263,203,352,351,7,48,172,232,387,366,421,410,129,200758
101179, Ronnie Price,1610612762, UTA,26,52,32,20,0.615,14.2,106.6,1.1,0.091,0.128,0.8,0.277,0.1,0.071,5,4.5,3.5,11.7,0.012,284,171,144,121,296,260,365,361,354,147,55,353,313,155,179,142,156,310,101179
101142, Ronny Turiaf,1610612744, GSW,26,79,28,51,0.354,21.5,110.4,3.4,0.172,0.257,0.4,0.142,2.1,0.618,7.9,8.2,7.5,20.4,0.009,68,208,411,335,211,395,118,139,107,272,326,5,16,258,334,330,273,360,101142
201579, Roy Hibbert,1610612754, IND,22,70,29,41,0.414,14.4,105.9,1.8,0.137,0.184,0.3,0.128,1.1,0.567,5.1,3.6,4.3,11.9,0.014,170,202,346,289,291,239,257,217,219,343,356,45,28,157,137,183,160,283,201579
2767, Royal Ivey,1610612755, PHI,27,71,34,37,0.479,12.1,110.8,0.8,0.082,0.122,0.5,0.202,0.1,0.08,4.6,3.8,3.5,11.4,0.005,160,150,312,238,334,404,396,400,370,238,180,348,303,135,150,134,147,402,2767
201164, Rudy Fernandez,1610612757, POR,24,78,52,26,0.667,25.5,103.8,2.1,0.099,0.134,0.9,0.256,0.2,0.061,7.5,6.3,5.2,20.2,0.032,89,39,202,71,166,158,238,329,336,110,82,297,333,241,251,219,270,100,201164
200752, Rudy Gay,1610612763, MEM,22,79,22,57,0.278,37.3,109.3,4.2,0.14,0.19,1.2,0.213,0.7,0.211,12.5,9.8,10,33.2,0.021,68,259,428,382,21,363,85,204,207,38,157,80,173,422,406,424,430,198,200752
201566, Russell Westbrook,1610612760, OKC,20,82,23,59,0.28,32.5,106.6,2.7,0.096,0.131,1.3,0.256,0.2,0.066,12.7,9.2,9.6,31.5,0.029,1,251,437,379,88,261,171,347,342,26,81,260,324,426,378,416,415,124,201566
201583, Ryan Anderson,1610612751, NJN,21,66,28,38,0.424,19.9,106,3.1,0.19,0.253,0.7,0.227,0.3,0.156,6.6,5.1,5.7,15.7,0.019,202,208,317,278,221,244,131,98,112,171,131,197,211,216,210,241,212,216,201583
1763, Ryan Bowen,1610612740, NOH,33,21,14,7,0.667,10.4,107.1,0.7,0.081,0.117,0.7,0.359,0.2,0.333,3.5,3.2,1.9,7.1,0.009,381,335,46,71,362,275,409,403,394,171,14,235,108,83,105,46,64,363,1763
101155, Ryan Gomes,1610612750, MIN,26,82,24,58,0.293,31.9,110.3,3.5,0.134,0.18,0.8,0.185,0.3,0.101,11,8.3,8.6,28.3,0.014,1,243,430,367,98,390,113,226,227,142,218,212,270,372,336,380,382,284,101155
200797, Ryan Hollins,1610612742, DAL,24,45,25,20,0.556,9.9,99.5,1.1,0.129,0.179,0.2,0.1,0.7,0.492,3.3,2.8,2.6,7,0.018,312,232,144,166,371,51,355,236,229,395,396,90,45,72,82,80,61,242,200797
2223, Samuel Dalembert,1610612755, PHI,29,82,41,41,0.5,24.8,102.3,5.9,0.29,0.39,0.4,0.1,1.8,0.627,8.3,6.1,5.4,20.3,0.035,1,100,346,204,171,114,30,8,9,288,397,12,13,272,246,227,271,82,2223
2562, Sasha Pavlovic,1610612739, CLE,25,66,52,14,0.788,16,103.1,1.5,0.106,0.143,0.3,0.149,0.2,0.163,5.1,4,4.5,12.3,0.021,202,39,91,30,275,134,310,306,313,319,312,231,203,159,157,197,169,197,2562
2756, Sasha Vujacic,1610612747, LAL,25,80,64,16,0.8,16.2,101.6,1.5,0.103,0.145,1,0.281,0.1,0.053,5.7,4.9,4.2,14.1,0.025,54,7,111,18,271,88,315,314,306,98,49,363,351,179,200,179,193,160,2756
1752, Sean Marks,1610612740, NOH,33,60,36,24,0.6,14,103.6,2.1,0.181,0.238,0.1,0.067,0.6,0.418,4.1,3.3,3.6,11.1,0.018,246,140,183,132,299,152,233,115,139,406,416,120,79,106,108,143,140,238,1752
101118, Sean May,1610612766, CHA,25,24,8,16,0.333,12.5,104.5,2,0.193,0.262,0.2,0.119,0.2,0.143,4.8,3.4,3.4,8.8,0.014,375,380,111,343,326,190,239,94,97,369,370,279,224,143,121,126,94,279,101118
201606, Sean Singletary,1610612766, CHA,23,37,19,18,0.514,8.2,102.2,0.7,0.102,0.145,0.3,0.208,0,0,3.4,2.5,1.9,5.8,0.012,335,282,131,196,386,107,408,316,305,339,169,420,420,77,65,44,47,317,201606
201157, Sean Williams,1610612751, NJN,22,33,15,18,0.455,11.1,108.9,1.4,0.151,0.217,0.2,0.113,0.9,0.784,3.4,3.1,3,7,0.007,341,325,131,249,355,352,330,185,169,367,379,67,4,75,97,100,62,387,201157
2742, Sebastian Telfair,1610612750, MIN,24,75,23,52,0.307,27.9,108.8,1.3,0.055,0.074,1,0.269,0.2,0.072,9.8,7,7.5,23.5,0.017,124,251,414,359,141,347,340,436,436,96,64,290,312,328,278,332,312,248,2742
200771, Sergio Rodriguez,1610612757, POR,23,80,52,28,0.65,15.3,104.7,1.1,0.09,0.122,0.7,0.287,0,0.018,5,3.8,3.2,11.8,0.017,54,39,225,101,282,194,368,363,371,169,40,416,412,154,143,110,157,245,200771
2203, Shane Battier,1610612745, HOU,30,60,40,20,0.667,33.9,100.5,3.9,0.124,0.164,0.8,0.187,0.9,0.254,10.7,8.5,7.3,25.2,0.055,246,114,144,71,71,74,99,248,262,135,212,65,149,359,344,316,332,18,2203
200769, Shannon Brown,1610612747, LAL,23,48,25,23,0.521,9.9,104.5,0.7,0.084,0.12,0.5,0.268,0.1,0.146,4.1,3.1,2.4,8,0.011,305,232,172,187,369,188,406,394,381,260,65,304,222,103,99,67,73,329,200769
406, Shaquille O'Neal,1610612756, PHX,37,75,44,31,0.587,30,110.2,5.9,0.22,0.303,0.7,0.158,1.4,0.478,11.6,9.5,8.7,24.4,0.014,124,84,259,143,123,387,29,54,49,181,293,21,51,400,396,385,321,291,406
2733, Shaun Livingston,1610612760, OKC,23,12,4,8,0.333,19.3,110.1,2.1,0.13,0.177,0.6,0.212,0.2,0.083,6.9,5.3,5.3,17,0.009,404,407,52,343,231,384,233,235,234,208,159,279,294,229,221,225,225,361,2733
101183, Shavlik Randolph,1610612757, POR,25,10,7,3,0.7,3.7,128.1,0.8,0.364,0.471,0,0,0.1,0.333,2.4,0.6,2,3.6,-0.007,410,388,20,58,433,442,397,2,2,428,428,340,108,40,10,50,19,442,101183
1890, Shawn Marion,1610612761, TOR,31,69,34,35,0.493,35.8,104.9,5.9,0.197,0.264,1.3,0.213,1,0.233,11.2,9.4,9.5,32.5,0.04,179,150,298,230,44,200,31,90,94,35,158,59,162,383,391,413,424,62,1890
200761, Shawne Williams,1610612742, DAL,23,15,10,5,0.667,11.3,95.6,1.8,0.155,0.205,0.1,0.111,0.6,0.346,3.1,3.9,2.7,10.4,0.026,398,366,34,71,351,13,265,172,188,400,382,114,107,60,153,82,128,144,200761
200749, Shelden Williams,1610612750, MIN,25,45,9,36,0.2,11.4,107.3,2.3,0.237,0.324,0.5,0.278,0.4,0.375,4.3,2.9,3.2,9.4,0.009,312,374,307,421,349,286,217,37,35,248,52,167,93,119,86,111,108,357,200749
200780, Solomon Jones,1610612737, ATL,24,63,34,29,0.54,10.7,105.7,1.4,0.156,0.224,0.1,0.065,0.5,0.54,3.6,3.2,3,9.6,0.011,222,150,238,174,359,233,319,169,161,408,418,124,32,86,105,101,111,330,200780
201603, Sonny Weems,1610612743, DEN,22,12,8,4,0.667,4.6,111.3,0.3,0.073,0.105,0.1,0.167,0,0,1.6,1.6,1.8,4,0.001,404,380,28,71,429,412,433,421,415,416,268,420,420,17,28,41,25,428,201603
2049, Speedy Claxton,1610612737, ATL,31,2,1,1,0.5,7.5,112.2,0,0,0,0,0,0,0,4.5,0,2,8,0.002,438,432,3,204,398,422,441,441,441,428,428,420,420,132,1,50,74,427,2049
201150, Spencer Hawes,1610612758, SAC,21,77,15,62,0.195,29.3,113.4,5.2,0.211,0.303,0.6,0.143,1.2,0.433,11.5,8.5,8.8,28.6,0.002,102,325,442,425,132,430,46,69,50,218,319,34,73,391,347,392,387,426,201150
101211, Stephen Graham,1610612754, IND,27,52,25,27,0.481,13.2,102.9,1.4,0.12,0.162,0.2,0.093,0.1,0.061,4.2,3.4,3.3,9.4,0.018,284,232,211,235,316,130,317,267,268,379,403,371,335,112,116,122,109,235,101211
1536, Stephen Jackson,1610612744, GSW,31,59,21,38,0.356,39.6,110.1,3.9,0.11,0.16,1.5,0.237,0.5,0.101,15.5,13.9,14.8,40.7,0.018,250,268,317,332,2,383,95,298,277,18,114,126,269,444,445,444,444,225,1536
950, Stephon Marbury,1610612738, BOS,32,23,16,7,0.696,18,103.9,1.1,0.07,0.102,0.4,0.208,0.1,0.081,6.7,4.4,4.1,12.1,0.022,376,315,46,60,246,162,357,425,419,268,166,318,301,221,175,175,166,187,950
2581, Steve Blake,1610612757, POR,29,69,46,23,0.667,31.7,104.4,2.1,0.085,0.112,1,0.228,0.1,0.017,8.6,7.9,6.2,25.2,0.037,179,69,172,71,103,180,228,390,402,87,129,391,414,282,322,271,334,75,2581
959, Steve Nash,1610612756, PHX,35,74,42,32,0.568,33.6,109.2,2.8,0.089,0.123,0.7,0.168,0.1,0.038,12.7,11.1,9.2,27.8,0.02,135,92,273,158,77,359,166,373,366,152,262,313,389,425,438,407,370,211,959
200779, Steve Novak,1610612746, LAC,26,71,16,55,0.225,16.4,111.3,1.5,0.105,0.152,0.3,0.131,0.1,0.042,5.8,4.9,4.2,15.5,0.005,160,315,422,410,268,411,305,308,297,345,349,378,377,189,197,180,209,401,200779
201631, Steven Hill,1610612760, OKC,23,1,0,1,0,2.4,40,1,0.5,0.5,0,0,0,0,0,0,0,0,0.023,444,442,3,442,441,1,378,1,1,428,428,420,420,1,1,1,1,182,201631
2031, Stromile Swift,1610612756, PHX,29,19,10,9,0.526,9.7,102.3,1.6,0.175,0.246,0.2,0.138,0.4,0.5,3.4,3.2,2.9,8.5,0.014,385,366,56,183,373,112,293,132,127,368,330,162,38,76,103,96,89,289,2031
201180, Sun Sun,1610612747, LAL,23,10,9,1,0.9,2.8,162.9,0,0,0,0.1,0.333,0.1,0.25,2.2,1.1,2.2,4.4,-0.018,410,374,3,4,438,444,441,441,441,411,19,340,154,34,21,60,30,444,201180
2551, T.J. Ford,1610612754, IND,26,74,34,40,0.459,30.5,106.6,2.7,0.099,0.133,1.2,0.285,0.2,0.07,10.8,8.1,7.9,23.4,0.027,135,150,332,246,115,256,170,330,341,47,44,242,316,364,327,350,309,139,2551
200814, Tarence Kinsey,1610612739, CLE,25,50,42,8,0.84,5.5,107.5,0.6,0.112,0.158,0.2,0.316,0,0,2.5,1.8,1.9,3.6,0.005,296,92,52,6,420,290,419,290,283,362,23,420,420,45,36,49,19,406,200814
2419, Tayshaun Prince,1610612765, DET,29,82,39,43,0.476,37.3,106.4,4.2,0.137,0.187,0.5,0.115,0.6,0.184,10.2,9.1,7.8,29.8,0.034,1,122,366,242,22,253,81,214,214,225,376,111,189,344,375,341,399,86,2419
200757, Thabo Sefolosha,1610612760, OKC,25,66,26,40,0.394,22,104.9,2.8,0.153,0.216,1.1,0.285,0.7,0.292,8,6.5,5.8,18.4,0.024,202,225,332,309,206,201,163,181,173,57,45,98,132,261,260,250,243,168,200757
201152, Thaddeus Young,1610612755, PHI,21,75,39,36,0.52,34.4,102,3.2,0.111,0.153,1.3,0.22,0.3,0.084,11,9.1,7.3,28.1,0.05,124,122,307,188,60,102,129,296,295,27,142,194,291,371,374,312,378,26,201152
689, Theo Ratliff,1610612755, PHI,36,46,23,23,0.5,12.6,108.8,1.8,0.171,0.252,0.4,0.173,1,0.671,4.2,3.6,2.9,9.3,0.008,309,251,172,204,325,344,267,143,114,305,252,52,8,115,131,95,105,375,689
201242, Thomas Gardner,1610612737, ATL,24,16,11,5,0.688,6.1,83,0.4,0.073,0.1,0.3,0.2,0.1,0.067,1.6,1.1,1.1,3.1,0.024,396,354,34,62,413,6,427,419,421,355,186,383,319,19,18,16,16,166,201242
1495, Tim Duncan,1610612759, SAS,33,75,49,26,0.653,33.7,102.8,8,0.277,0.354,0.5,0.138,1.7,0.589,9.3,7.5,7.9,25.9,0.045,124,55,202,98,73,128,5,12,20,239,329,13,21,304,300,351,341,36,1495
1501, Tim Thomas,1610612741, CHI,32,64,26,38,0.406,19.5,105,2.5,0.139,0.193,0.5,0.176,0.2,0.129,6.4,5.2,4.9,17,0.021,218,225,317,298,226,204,200,207,202,250,243,274,235,208,216,215,225,199,1501
2754, Tony Allen,1610612738, BOS,27,46,37,9,0.804,19.3,96.5,1.8,0.107,0.144,1.2,0.316,0.5,0.253,6.8,4.9,3.6,13,0.042,309,136,56,14,230,19,267,302,311,51,23,130,150,226,198,148,176,52,2754
1499, Tony Battie,1610612753, ORL,33,77,55,22,0.714,15.6,98.3,2.4,0.17,0.224,0.3,0.169,0.3,0.207,4.4,4.1,3.7,11.3,0.029,102,23,163,55,277,37,208,146,160,318,260,187,175,123,166,156,144,118,1499
2225, Tony Parker,1610612759, SAS,27,72,47,25,0.653,34.1,103.4,2.7,0.094,0.119,0.9,0.238,0.1,0.022,8.5,7.5,8.4,26.9,0.044,152,65,188,99,66,146,168,351,382,102,110,393,405,278,303,377,356,40,2225
1503, Tracy McGrady,1610612745, HOU,30,35,20,15,0.571,33.8,102,3.8,0.125,0.17,1.2,0.255,0.4,0.161,10.9,9,9.1,27.9,0.049,339,274,101,153,72,100,103,246,252,48,85,159,205,368,368,405,371,28,1503
101143, Travis Diener,1610612754, IND,27,55,25,30,0.455,13.1,107.7,1.5,0.122,0.17,0.5,0.22,0.1,0.052,4.3,3.3,2.8,9.8,0.01,265,232,253,249,318,305,310,254,253,255,141,358,353,117,114,85,117,344,101143
2566, Travis Outlaw,1610612757, POR,24,81,54,27,0.667,27.7,105.2,3.2,0.144,0.196,0.6,0.159,0.7,0.249,8.6,7.4,6.1,21.7,0.03,31,25,211,71,142,211,127,193,197,210,288,93,157,279,299,266,288,114,2566
2239, Trenton Hassell,1610612751, NJN,30,53,17,36,0.321,20.7,109.9,1.8,0.103,0.145,0.4,0.142,0.3,0.134,6.4,6.1,5.5,17.2,0.01,276,298,307,356,216,379,261,311,307,291,325,198,233,211,245,232,229,342,2239
2772, Trevor Ariza,1610612747, LAL,24,82,65,17,0.793,24.4,101.2,2.9,0.138,0.191,1.7,0.333,0.3,0.113,7.7,6.8,6,21.3,0.038,1,3,122,25,182,82,152,212,205,9,19,203,256,251,270,261,280,69,2772
201234, Trey Johnson,1610612739, CLE,24,4,4,0,1,3.5,113.9,0.3,0.111,0.167,0,0,0,0,4,1,2.5,4,0,430,407,1,1,435,433,437,294,255,428,428,420,420,101,14,74,25,433,201234
2211, Troy Murphy,1610612754, IND,29,73,31,42,0.425,34,108.6,9.8,0.328,0.441,0.8,0.163,0.5,0.136,12,8.9,9,28.3,0.022,148,185,358,277,68,341,1,4,4,136,278,146,231,411,365,395,380,188,2211
1731, Tyronn Lue,1610612753, ORL,32,44,21,23,0.477,11.8,100.4,0.9,0.087,0.115,0.2,0.123,0,0,3.3,2.9,2.8,8.5,0.02,315,268,172,241,339,71,391,384,398,384,363,420,420,71,85,86,88,213,1731
200748, Tyrus Thomas,1610612741, CHI,22,79,39,40,0.494,27.5,106,4.6,0.19,0.27,1.2,0.255,1.9,0.522,9.7,9.1,7.5,24.9,0.026,68,122,332,228,145,246,65,102,84,55,83,9,35,322,373,324,326,143,200748
2199, Tyson Chandler,1610612740, NOH,26,45,30,15,0.667,32.1,103.3,5.1,0.183,0.24,0.3,0.076,1.2,0.409,8.7,7.3,7.6,22,0.041,312,194,101,71,93,141,52,114,136,319,412,31,82,284,296,333,290,57,2199
2617, Udonis Haslem,1610612748, MIA,29,75,40,35,0.533,34.1,104.4,6,0.215,0.289,0.6,0.093,0.3,0.087,10.5,8.7,8.3,28.1,0.04,124,114,298,177,65,183,28,60,64,217,402,184,286,356,359,372,375,60,2617
1713, Vince Carter,1610612751, NJN,32,80,34,46,0.425,36.8,109.5,4.2,0.136,0.185,1,0.201,0.5,0.129,11.1,10.2,10.2,29.7,0.02,54,150,383,276,29,373,82,219,217,84,184,143,236,375,418,428,397,207,1713
2209, Vladimir Radmanovic,1610612766, CHA,28,78,53,25,0.679,18.5,104.4,2.3,0.144,0.197,0.6,0.219,0.2,0.106,6.3,5,4.6,15.5,0.022,89,35,188,67,238,179,218,195,195,201,145,262,262,204,202,203,210,183,2209
101144, Von Wafer,1610612745, HOU,23,63,41,22,0.651,19.4,102,1.5,0.086,0.115,0.6,0.216,0.1,0.073,6.5,4.9,4.9,16.4,0.029,222,100,163,100,227,101,306,387,397,190,150,321,311,212,199,214,220,125,101144
1887, Wally Szczerbiak,1610612739, CLE,32,74,60,14,0.811,20.6,101.4,2.6,0.143,0.195,0.4,0.143,0.1,0.065,6.9,5.3,5.6,16.4,0.032,135,13,91,13,217,87,190,199,198,298,319,313,326,227,220,238,219,101,1887
200835, Walter Herrmann,1610612765, DET,30,59,28,31,0.475,10.7,104.8,1.3,0.152,0.206,0.1,0.096,0.1,0.056,2.7,2.4,2.5,8.4,0.012,250,208,259,243,361,196,335,183,186,405,399,380,346,50,61,72,85,315,200835
201594, Walter Sharpe,1610612765, DET,22,8,6,2,0.75,2.4,108.1,0.4,0.12,0.176,0,0,0.3,0.4,1.3,0.9,0.9,1.3,0.002,418,396,13,39,440,320,430,265,238,428,428,223,86,8,12,10,6,424,201594
101198, Will Bynum,1610612765, DET,26,57,26,31,0.456,14.1,104.1,1,0.088,0.119,0.6,0.312,0,0.024,3.6,3.3,3.2,11.3,0.017,256,225,259,247,297,167,383,377,384,200,27,410,403,87,111,118,143,252,101198
2226, Will Solomon,1610612758, SAC,30,53,16,37,0.302,13.4,106.9,1,0.091,0.121,0.5,0.255,0.1,0.066,4.7,3.4,3.2,10.3,0.011,276,315,312,361,311,269,384,360,374,236,84,373,325,141,120,109,125,327,2226
2584, Willie Green,1610612755, PHI,27,81,41,40,0.506,22.6,104.1,1.2,0.064,0.09,0.7,0.175,0.2,0.067,7.7,5.9,5.3,18.4,0.027,31,100,332,201,202,168,351,431,431,180,247,289,318,250,238,224,244,140,2584
201163, Wilson Chandler,1610612752, NYK,22,82,32,50,0.39,33.4,109.1,4.3,0.147,0.201,0.9,0.175,0.9,0.463,11.7,9.3,9.1,32,0.02,1,171,410,313,81,357,78,188,191,116,249,64,60,403,383,403,421,208,201163
200821, Yakhouba Diawara,1610612748, MIA,26,63,32,31,0.508,13.5,104.2,0.9,0.077,0.107,0.2,0.107,0.1,0.061,4.4,3.5,2.8,9.9,0.016,222,171,259,199,310,174,392,411,414,372,390,354,333,127,127,89,118,267,200821
2397, Yao Ming,1610612745, HOU,28,77,50,27,0.649,33.6,99.6,7.2,0.232,0.308,0.4,0.086,1.9,0.593,10.7,8,7.8,24.8,0.058,102,52,211,103,75,55,10,41,46,292,409,8,18,360,326,344,325,14,2397
201146, Yi Jianlian,1610612751, NJN,21,61,26,35,0.426,23.3,108.9,4.2,0.222,0.302,0.5,0.153,0.6,0.237,7.4,6.4,6.8,19.4,0.014,240,225,298,275,196,351,80,49,51,254,306,115,161,239,255,293,261,285,201146
2216, Zach Randolph,1610612746, LAC,27,50,19,31,0.38,35.1,107.9,6.9,0.234,0.317,0.9,0.173,0.3,0.107,11.3,9.6,9.1,32.7,0.026,296,282,259,319,51,311,15,38,40,119,253,190,260,386,397,402,427,145,2216
2585, Zaza Pachulia,1610612737, ATL,25,77,45,32,0.584,19.1,101.6,3.4,0.21,0.293,0.5,0.161,0.3,0.187,5.8,5.1,4.7,15.7,0.028,102,75,273,145,233,89,121,71,59,263,285,182,187,186,207,207,211,128,2585
980, Zydrunas Ilgauskas,1610612739, CLE,34,65,55,10,0.846,27.2,96.9,5.1,0.212,0.277,0.4,0.102,1.3,0.408,7.6,6.2,6.9,20.1,0.056,209,23,61,5,150,23,50,66,79,271,394,29,84,247,248,296,266,16,980